{"type": "FeatureCollection", "features": [{"type": "Feature", "properties": {"name": "Crawford Woods", "operator": null, "ndvi_mean_inside": 0.743951728471103, "amenity_list": null, "amenity_count": null, "fee_status": null, "hours_status": null, "active_passive": null, "inclusiveness_score": null, "chen_quality_score": null}, "geometry": {"type": "Polygon", "coordinates": [[[-84.54108235997889, 39.38696758185734], [-84.53636903517652, 39.38183964176008], [-84.53568679389724, 39.38327992459788], [-84.53459879046, 39.38321302582618], [-84.53452296618778, 39.38367230564397], [-84.53390317104248, 39.38365891404533], [-84.5336401020402, 39.387101377522804], [-84.53830430139365, 39.38748042461973], [-84.53839347708825, 39.38659746248575], [-84.54108235997889, 39.38696758185734]]]}}, {"type": "Feature", "properties": {"name": "Combs Park", "operator": null, "ndvi_mean_inside": 0.7591315253535665, "amenity_list": null, "amenity_count": null, "fee_status": null, "hours_status": null, "active_passive": null, "inclusiveness_score": null, "chen_quality_score": null}, "geometry": {"type": "Polygon", "coordinates": [[[-84.55775048242474, 39.413405629059994], [-84.55704594547292, 39.413312006036605], [-84.55695671844029, 39.41353934614682], [-84.55650634370039, 39.41376683063948], [-84.55648851412968, 39.41398978110909], [-84.55592220254027, 39.414658617194746], [-84.55534701044525, 39.41506438860894], [-84.55521772336462, 39.415046599131806], [-84.55629230853707, 39.41365979190651], [-84.55519981344331, 39.413838176831526], [-84.5532779828351, 39.41503762914748], [-84.54896154791119, 39.4211510376333], [-84.54794935980256, 39.42226584722967], [-84.5487787508259, 39.42219449529688], [-84.55038400304582, 39.42100836162272], [-84.55283205723458, 39.42002294452782], [-84.55312190526638, 39.41974645592556], [-84.55406723956952, 39.41717356790767], [-84.55775048242474, 39.413405629059994]]]}}, {"type": "Feature", "properties": {"name": "Sutherland Park", "operator": null, "ndvi_mean_inside": 0.6266039751716894, "amenity_list": null, "amenity_count": null, "fee_status": null, "hours_status": null, "active_passive": null, "inclusiveness_score": null, "chen_quality_score": null}, "geometry": {"type": "Polygon", "coordinates": [[[-84.5694778640876, 39.40564681232747], [-84.56813573395083, 39.404746028365025], [-84.56717256258285, 39.40561111482741], [-84.56764963377559, 39.40592766382224], [-84.56947346764291, 39.405941060525905], [-84.5694778640876, 39.40564681232747]]]}}, {"type": "Feature", "properties": {"name": "Officer Bob Gentry Park", "operator": "Hamilton Parks Conservancy", "ndvi_mean_inside": 0.5264002234790383, "amenity_list": null, "amenity_count": null, "fee_status": null, "hours_status": null, "active_passive": null, "inclusiveness_score": null, "chen_quality_score": null}, "geometry": {"type": "Polygon", "coordinates": [[[-84.56422507415157, 39.373612579157715], [-84.5637479748069, 39.37225705403386], [-84.56164766779278, 39.37215444310662], [-84.5615273487263, 39.37356798181817], [-84.56401994110024, 39.37369284666907], [-84.56422507415157, 39.373612579157715]]]}}, {"type": "Feature", "properties": {"name": null, "operator": null, "ndvi_mean_inside": 0.6043748071663996, "amenity_list": null, "amenity_count": null, "fee_status": null, "hours_status": null, "active_passive": null, "inclusiveness_score": null, "chen_quality_score": null}, "geometry": {"type": "Polygon", "coordinates": [[[-84.56202677115432, 39.36005689190103], [-84.56102344497006, 39.359753728939204], [-84.5609119187975, 39.361011200032614], [-84.56196873060615, 39.36106913569157], [-84.56202677115432, 39.36005689190103]]]}}, {"type": "Feature", "properties": {"name": "Good Neighbors Park", "operator": null, "ndvi_mean_inside": 0.610524328150449, "amenity_list": null, "amenity_count": null, "fee_status": null, "hours_status": null, "active_passive": null, "inclusiveness_score": null, "chen_quality_score": null}, "geometry": {"type": "Polygon", "coordinates": [[[-84.54709764638648, 39.346688533003245], [-84.5469505084509, 39.34773641121166], [-84.5483239146382, 39.34784787204328], [-84.54844434102172, 39.346782171694436], [-84.54709764638648, 39.346688533003245]]]}}, {"type": "Feature", "properties": {"name": "Water Works Park", "operator": null, "ndvi_mean_inside": 0.5001628420013069, "amenity_list": null, "amenity_count": null, "fee_status": null, "hours_status": null, "active_passive": null, "inclusiveness_score": null, "chen_quality_score": null}, "geometry": {"type": "Polygon", "coordinates": [[[-84.58789843874061, 39.33806912207584], [-84.58444262941376, 39.33830545657445], [-84.58414830272542, 39.340913999954935], [-84.5851159869942, 39.34095858084282], [-84.58594532646224, 39.341355491183734], [-84.58624859419399, 39.34175233743638], [-84.58694422603797, 39.341819223226814], [-84.58719834334212, 39.342158065186815], [-84.58751942455577, 39.34200646383764], [-84.58789843874061, 39.33806912207584]]]}}, {"type": "Feature", "properties": {"name": "Veterans\u2019 Park", "operator": "City of Hamilton", "ndvi_mean_inside": 0.6992572253058893, "amenity_list": null, "amenity_count": null, "fee_status": null, "hours_status": null, "active_passive": null, "inclusiveness_score": null, "chen_quality_score": null}, "geometry": {"type": "Polygon", "coordinates": [[[-84.57641623761977, 39.39580104770337], [-84.57339744174813, 39.39494936763184], [-84.57301393655982, 39.39502075711345], [-84.57273745636105, 39.39686681596479], [-84.5724833555886, 39.39750893467896], [-84.57364266632932, 39.398253569994], [-84.57641623761977, 39.39580104770337]]]}}, {"type": "Feature", "properties": {"name": "Darrell O. Pace Park", "operator": null, "ndvi_mean_inside": 0.7868254758887738, "amenity_list": null, "amenity_count": null, "fee_status": null, "hours_status": null, "active_passive": null, "inclusiveness_score": null, "chen_quality_score": null}, "geometry": {"type": "Polygon", "coordinates": [[[-84.59637075211997, 39.41546574412221], [-84.5945870756354, 39.41541662645404], [-84.59459602451678, 39.416388724377136], [-84.59514893486262, 39.41668302163702], [-84.59641980963775, 39.41668303641091], [-84.59637075211997, 39.41546574412221]]]}}, {"type": "Feature", "properties": {"name": "Gilbert Park", "operator": null, "ndvi_mean_inside": 0.7544213031417788, "amenity_list": null, "amenity_count": null, "fee_status": null, "hours_status": null, "active_passive": null, "inclusiveness_score": null, "chen_quality_score": null}, "geometry": {"type": "Polygon", "coordinates": [[[-84.5046113081329, 39.30945504509161], [-84.50446422283835, 39.31159540818616], [-84.50775058643818, 39.31162663273032], [-84.5077861954317, 39.309575431801484], [-84.5046113081329, 39.30945504509161]]]}}, {"type": "Feature", "properties": {"name": "Pisgah Youth Park", "operator": null, "ndvi_mean_inside": 0.5949525302621539, "amenity_list": null, "amenity_count": null, "fee_status": null, "hours_status": null, "active_passive": null, "inclusiveness_score": null, "chen_quality_score": null}, "geometry": {"type": "Polygon", "coordinates": [[[-84.36534913932758, 39.319479118889625], [-84.36463121271412, 39.319438948791664], [-84.36469811261354, 39.3185427222985], [-84.36261575751072, 39.31854719277267], [-84.36245074784031, 39.32107993717123], [-84.36005617054319, 39.3209728791672], [-84.36002055197655, 39.321664033714896], [-84.36051551977113, 39.32203865353413], [-84.36413178732663, 39.320914944165196], [-84.36442610067908, 39.321186951230416], [-84.36544724191695, 39.3205671321191], [-84.36500132703374, 39.3200855039525], [-84.36547844540463, 39.31963067768888], [-84.36534913932758, 39.319479118889625]]]}}, {"type": "Feature", "properties": {"name": "Bruce Ferguson Park", "operator": "City of Forest Park", "ndvi_mean_inside": 0.7789766365604133, "amenity_list": null, "amenity_count": null, "fee_status": null, "hours_status": null, "active_passive": null, "inclusiveness_score": null, "chen_quality_score": null}, "geometry": {"type": "Polygon", "coordinates": [[[-84.51530872780134, 39.29571655003674], [-84.51511254329544, 39.29719249130834], [-84.51470673050851, 39.29750016159271], [-84.51621835279492, 39.29756711380654], [-84.51639229125469, 39.29555155484127], [-84.51530872780134, 39.29571655003674]]]}}, {"type": "Feature", "properties": {"name": "Point Pleasant Soccer Fields", "operator": null, "ndvi_mean_inside": 0.7479069013663158, "amenity_list": null, "amenity_count": null, "fee_status": null, "hours_status": null, "active_passive": null, "inclusiveness_score": null, "chen_quality_score": null}, "geometry": {"type": "Polygon", "coordinates": [[[-84.55309959701405, 39.31794073371876], [-84.55247536226503, 39.31819038860608], [-84.5520874010268, 39.31796746782967], [-84.5516147596699, 39.31801650014119], [-84.55169056165545, 39.318801360333694], [-84.55130707295793, 39.319621812058756], [-84.55082546961764, 39.32006323946982], [-84.55084777874315, 39.32178891779515], [-84.55274290368712, 39.3219761993206], [-84.55309959701405, 39.31794073371876]]]}}, {"type": "Feature", "properties": {"name": null, "operator": null, "ndvi_mean_inside": 0.4799083113088392, "amenity_list": null, "amenity_count": null, "fee_status": null, "hours_status": null, "active_passive": null, "inclusiveness_score": null, "chen_quality_score": null}, "geometry": {"type": "Polygon", "coordinates": [[[-84.5369308984518, 39.3083090883987], [-84.53689970618449, 39.30861223835269], [-84.53730104541366, 39.30863010455612], [-84.53735007291368, 39.30833584400821], [-84.5369308984518, 39.3083090883987]]]}}, {"type": "Feature", "properties": {"name": "Forest Lake Lane Fields", "operator": null, "ndvi_mean_inside": 0.5295554176091889, "amenity_list": null, "amenity_count": null, "fee_status": null, "hours_status": null, "active_passive": null, "inclusiveness_score": null, "chen_quality_score": null}, "geometry": {"type": "Polygon", "coordinates": [[[-84.57584548471881, 39.35303384239322], [-84.57134176675793, 39.352775233292405], [-84.5704499497982, 39.35426453501526], [-84.57033404535946, 39.355357034225875], [-84.57560466543235, 39.35562906516653], [-84.57584548471881, 39.35303384239322]]]}}, {"type": "Feature", "properties": {"name": "Schuster Park", "operator": null, "ndvi_mean_inside": 0.6371226822427977, "amenity_list": null, "amenity_count": null, "fee_status": null, "hours_status": null, "active_passive": null, "inclusiveness_score": null, "chen_quality_score": null}, "geometry": {"type": "Polygon", "coordinates": [[[-84.55272947067436, 39.36593404738334], [-84.55263144157072, 39.36681691373582], [-84.55355447577733, 39.36688381721095], [-84.55360348957107, 39.3664557167079], [-84.55402710135394, 39.36650029105314], [-84.55409842262623, 39.366032131264525], [-84.55272947067436, 39.36593404738334]]]}}, {"type": "Feature", "properties": {"name": "Monroe Park", "operator": null, "ndvi_mean_inside": 0.6210299895127651, "amenity_list": null, "amenity_count": null, "fee_status": null, "hours_status": null, "active_passive": null, "inclusiveness_score": null, "chen_quality_score": null}, "geometry": {"type": "Polygon", "coordinates": [[[-84.36165705851445, 39.43672674163012], [-84.36167486730653, 39.436588479779054], [-84.35805852939008, 39.43624514980596], [-84.35726478098707, 39.43656614721244], [-84.35703292806458, 39.43723059321367], [-84.35762603651105, 39.43737774661541], [-84.35734508692535, 39.43814914766492], [-84.35961478759856, 39.438546050913764], [-84.36278967094674, 39.43861736268408], [-84.3629099982085, 39.43777459769408], [-84.36464019687767, 39.43785041292368], [-84.36492552357483, 39.438010910002674], [-84.36509052632309, 39.437658644514514], [-84.36516632956999, 39.437034367721964], [-84.36165705851445, 39.43672674163012]]]}}, {"type": "Feature", "properties": {"name": "Chestnut Fields", "operator": "Miami University", "ndvi_mean_inside": 0.5490165454530311, "amenity_list": null, "amenity_count": null, "fee_status": null, "hours_status": null, "active_passive": null, "inclusiveness_score": null, "chen_quality_score": null}, "geometry": {"type": "Polygon", "coordinates": [[[-84.74340066376695, 39.497160942612645], [-84.74304841340913, 39.49750871213491], [-84.74275409939962, 39.4981775735761], [-84.74289675382022, 39.498177559806415], [-84.74288790766259, 39.49877065231278], [-84.74306180215017, 39.49874835060535], [-84.74337834932899, 39.49909615732246], [-84.74307957410515, 39.49980959913452], [-84.74400713498017, 39.49981849470363], [-84.74414532344791, 39.50052748953763], [-84.74556336966965, 39.500540881917075], [-84.7455677526961, 39.50005932321182], [-84.7458799030065, 39.500063807299384], [-84.74588436569962, 39.49913181982653], [-84.74616527559343, 39.499114028687366], [-84.74617420093482, 39.49718316447303], [-84.74340066376695, 39.497160942612645]]]}}, {"type": "Feature", "properties": {"name": "Butler County Fairgrounds", "operator": null, "ndvi_mean_inside": 0.4279745624347466, "amenity_list": null, "amenity_count": null, "fee_status": null, "hours_status": null, "active_passive": null, "inclusiveness_score": null, "chen_quality_score": null}, "geometry": {"type": "Polygon", "coordinates": [[[-84.54093960542389, 39.39854785449208], [-84.53520970013633, 39.39816441607678], [-84.53517850694614, 39.39840074221756], [-84.53387645627558, 39.398463184770144], [-84.53279729741313, 39.40003279941028], [-84.53501350268999, 39.40012191555763], [-84.53468797183513, 39.403038173471145], [-84.54062754354607, 39.401811981265176], [-84.54093960542389, 39.39854785449208]]]}}, {"type": "Feature", "properties": {"name": "Gilmore Ponds Preserve Metropark", "operator": "MetroParks of Butler County", "ndvi_mean_inside": 0.6059500835244581, "amenity_list": "Hiking Trails, Paved Trail (M2M), Observation Tower, Raised Decks, Bird Blind, Fishing", "amenity_count": 9.0, "fee_status": "Free", "hours_status": "Day Use", "active_passive": "Passive", "inclusiveness_score": 4.0, "chen_quality_score": 36.0}, "geometry": {"type": "Polygon", "coordinates": [[[-84.51944229056815, 39.354607919881836], [-84.51953597539146, 39.35351991709871], [-84.5177433769633, 39.353421765743285], [-84.51808676391994, 39.35128587052886], [-84.51705667698577, 39.35121009517689], [-84.51694970691432, 39.35020680301132], [-84.51650822327002, 39.350180027248385], [-84.51665095774638, 39.34824920291871], [-84.51732870171283, 39.34828046897422], [-84.51734206289464, 39.34760709396684], [-84.50841050957875, 39.34971180384907], [-84.50719316281919, 39.34989017130278], [-84.50556111169335, 39.34960475248686], [-84.50537385701298, 39.35043866298175], [-84.50402720607254, 39.350799860318624], [-84.5017352351936, 39.35049217188563], [-84.50166384973832, 39.34728608520742], [-84.49903301070394, 39.34724150458529], [-84.49606326050589, 39.34848559305166], [-84.4937132683324, 39.350037305834846], [-84.49228638689767, 39.35181206366211], [-84.49106013905453, 39.351794240976595], [-84.49100218780112, 39.352110798248006], [-84.49118948860605, 39.35223563425402], [-84.49249593502941, 39.35223562976518], [-84.50093702558988, 39.351036145537556], [-84.50240851098093, 39.35106740809058], [-84.50390236640246, 39.35130374123321], [-84.52078898541835, 39.35854086357836], [-84.52400395046595, 39.359584292239845], [-84.52417338580855, 39.35784969694341], [-84.52436961979835, 39.35778278916257], [-84.52455689344588, 39.35486656892765], [-84.51944229056815, 39.354607919881836]]]}}, {"type": "Feature", "properties": {"name": "Fairfield Township Community Park", "operator": null, "ndvi_mean_inside": 0.6630591942173726, "amenity_list": null, "amenity_count": null, "fee_status": null, "hours_status": null, "active_passive": null, "inclusiveness_score": null, "chen_quality_score": null}, "geometry": {"type": "Polygon", "coordinates": [[[-84.49244694981923, 39.403952312897225], [-84.49249593502941, 39.40347517159893], [-84.49197422442047, 39.402953455455105], [-84.49041802955117, 39.4028643100849], [-84.49027979338531, 39.40458994741727], [-84.49067665116903, 39.404616685242175], [-84.4906320668369, 39.405633379477926], [-84.49332091343162, 39.405789489227], [-84.49353942230027, 39.40401028188889], [-84.49244694981923, 39.403952312897225]]]}}, {"type": "Feature", "properties": {"name": "Shaffer\u2019s Run Communtiy Park", "operator": null, "ndvi_mean_inside": 0.7097085264491089, "amenity_list": null, "amenity_count": null, "fee_status": null, "hours_status": null, "active_passive": null, "inclusiveness_score": null, "chen_quality_score": null}, "geometry": {"type": "Polygon", "coordinates": [[[-84.51821157321626, 39.395016256007054], [-84.51776569877711, 39.39460159189458], [-84.51758288367026, 39.39411998764811], [-84.51677577011854, 39.39406204276943], [-84.51660183280352, 39.39391043153205], [-84.51667319997074, 39.393303988162366], [-84.51459975612299, 39.39316132710859], [-84.5145819137045, 39.39512777945344], [-84.51697642944869, 39.395261509327014], [-84.51821157321626, 39.395016256007054]]]}}, {"type": "Feature", "properties": {"name": "Rentschler Forest MetroPark", "operator": "MetroParks of Butler County", "ndvi_mean_inside": 0.7917120793860849, "amenity_list": "River Access (Canoe/Kayak), Hiking Trails, Soccer Fields, Playgrounds, Shelters, Canal Remnants", "amenity_count": 12.0, "fee_status": "Free", "hours_status": "Day Use", "active_passive": "Mixed", "inclusiveness_score": 4.0, "chen_quality_score": 48.0}, "geometry": {"type": "Polygon", "coordinates": [[[-84.51793067191724, 39.42392016374856], [-84.5134225448475, 39.42376410083668], [-84.5099890295121, 39.42243974718363], [-84.5106088391575, 39.42153900179522], [-84.51072030177313, 39.42025031836348], [-84.50065612107603, 39.419568083497985], [-84.50092366064793, 39.41741876211147], [-84.4995235259658, 39.41719586726714], [-84.49920243861496, 39.42032166942929], [-84.49819026560392, 39.42025036286675], [-84.49887694771482, 39.41365082457753], [-84.49372671496526, 39.413802449483526], [-84.49396299100847, 39.410939711588235], [-84.48758200147198, 39.4125717171701], [-84.48724764045465, 39.41584026008079], [-84.48932109615897, 39.41592051373059], [-84.48917397232275, 39.417650645021645], [-84.4903689625535, 39.417695293086034], [-84.49036007766045, 39.41929604687864], [-84.491131457438, 39.42070512667227], [-84.48616849862586, 39.422569066666846], [-84.48640040253153, 39.41993369947465], [-84.48404593874214, 39.41981336100434], [-84.48387654689516, 39.42023249197085], [-84.48316751340367, 39.42019685129907], [-84.48321210343423, 39.41976873488071], [-84.48181642734635, 39.4197197025905], [-84.48164694897923, 39.422190075379746], [-84.48003724023727, 39.42195812855501], [-84.47980090785235, 39.42455778539553], [-84.48295352881587, 39.42500375126254], [-84.48337261125167, 39.4246782063228], [-84.48550856407509, 39.423777450492466], [-84.48683739119987, 39.42397371721465], [-84.48792988859043, 39.42251557336877], [-84.49378018130808, 39.42061596563001], [-84.49394514227573, 39.42097715406681], [-84.49529626790961, 39.42086119037065], [-84.49676781552067, 39.42096826252668], [-84.49917122614116, 39.42154791470396], [-84.50079881433571, 39.42215881044369], [-84.50428136601101, 39.424771883501066], [-84.50478528122875, 39.42581084662313], [-84.50556559299459, 39.426609005568224], [-84.50614975967012, 39.42634593810145], [-84.50581526494729, 39.42500369724652], [-84.50703712166114, 39.424963624494815], [-84.50789326234198, 39.42540954785836], [-84.50890990807204, 39.425409503204854], [-84.50899912879136, 39.42575289216438], [-84.5091908528527, 39.4257305686244], [-84.50857550920162, 39.422845557893396], [-84.50932016221418, 39.422796505410155], [-84.5136811445096, 39.423991512003106], [-84.5174357510954, 39.424143139051836], [-84.51815364893507, 39.42404950520018], [-84.51793067191724, 39.42392016374856]]]}}, {"type": "Feature", "properties": {"name": "Thomas O. Marsh Park", "operator": "Fairfield Parks and Recreation", "ndvi_mean_inside": 0.4668892943640135, "amenity_list": null, "amenity_count": null, "fee_status": null, "hours_status": null, "active_passive": null, "inclusiveness_score": null, "chen_quality_score": null}, "geometry": {"type": "Polygon", "coordinates": [[[-84.59555913979118, 39.33087657248341], [-84.59435967770318, 39.33092560015256], [-84.5943686266197, 39.33031917849984], [-84.59475654484176, 39.33030583679196], [-84.59476101926953, 39.32991342830223], [-84.59555027095806, 39.32989999203902], [-84.59556361415693, 39.327340492455924], [-84.59525592080685, 39.326814311782655], [-84.58593645615686, 39.32711754231951], [-84.58525415778746, 39.33578161088822], [-84.58783155406464, 39.33563442726223], [-84.58802773291322, 39.33253535093541], [-84.59562162108153, 39.33234357717309], [-84.59555913979118, 39.33087657248341]]]}}, {"type": "Feature", "properties": {"name": "Dixie Heights Park", "operator": null, "ndvi_mean_inside": 0.7076742977248083, "amenity_list": null, "amenity_count": null, "fee_status": null, "hours_status": null, "active_passive": null, "inclusiveness_score": null, "chen_quality_score": null}, "geometry": {"type": "Polygon", "coordinates": [[[-84.35639528771834, 39.54111875853357], [-84.35646219695586, 39.53941086519192], [-84.35628377215394, 39.539517901266095], [-84.3557621332415, 39.53906757341667], [-84.35513779712649, 39.53949116179194], [-84.35484801050256, 39.54048104092834], [-84.35489703043288, 39.54159139380153], [-84.35639528771834, 39.54111875853357]]]}}, {"type": "Feature", "properties": {"name": "TRI Community Center Complex", "operator": "Oxford Parks and Recreation", "ndvi_mean_inside": 0.561237911175356, "amenity_list": null, "amenity_count": null, "fee_status": null, "hours_status": null, "active_passive": null, "inclusiveness_score": null, "chen_quality_score": null}, "geometry": {"type": "Polygon", "coordinates": [[[-84.75501661730435, 39.506248574221324], [-84.75266223680636, 39.50621733350792], [-84.75261761514855, 39.50793857367325], [-84.75498984541653, 39.50797424412615], [-84.75501661730435, 39.506248574221324]]]}}, {"type": "Feature", "properties": {"name": "Oxford Community Park", "operator": null, "ndvi_mean_inside": 0.7158935963046319, "amenity_list": null, "amenity_count": null, "fee_status": null, "hours_status": null, "active_passive": null, "inclusiveness_score": null, "chen_quality_score": null}, "geometry": {"type": "Polygon", "coordinates": [[[-84.77833327410865, 39.498570020166476], [-84.77794085843739, 39.498619028692644], [-84.77782935359346, 39.501089358806205], [-84.77120764601518, 39.50098682980292], [-84.77107828511417, 39.50816596423262], [-84.77597881924429, 39.508215004261444], [-84.77774022920794, 39.507220631279786], [-84.77777145063497, 39.50292648498819], [-84.77817270816877, 39.50240478464192], [-84.77833327410865, 39.498570020166476]]]}}, {"type": "Feature", "properties": {"name": "Goldman Park", "operator": null, "ndvi_mean_inside": 0.518190656877716, "amenity_list": null, "amenity_count": null, "fee_status": null, "hours_status": null, "active_passive": null, "inclusiveness_score": null, "chen_quality_score": null}, "geometry": {"type": "Polygon", "coordinates": [[[-84.38348435448705, 39.5008128981797], [-84.38265935297004, 39.4996000378059], [-84.38203065043213, 39.498043800530574], [-84.38124139471107, 39.49798585970829], [-84.38094267446007, 39.50204365821466], [-84.38545972425948, 39.502244306957564], [-84.38348435448705, 39.5008128981797]]]}}, {"type": "Feature", "properties": {"name": "Wilson Park", "operator": null, "ndvi_mean_inside": 0.7756912024858535, "amenity_list": null, "amenity_count": null, "fee_status": null, "hours_status": null, "active_passive": null, "inclusiveness_score": null, "chen_quality_score": null}, "geometry": {"type": "Polygon", "coordinates": [[[-84.36777045285241, 39.50848255003341], [-84.36770804828572, 39.508344341297466], [-84.36761436110018, 39.50846476453606], [-84.36673146436272, 39.50843351087629], [-84.36666905869662, 39.50829530157607], [-84.3665441669532, 39.508429085334456], [-84.36597785939041, 39.50838891751532], [-84.36588874165697, 39.509191552902685], [-84.36659774931353, 39.50923619095856], [-84.3665441669532, 39.50987828411453], [-84.36810485357637, 39.51005219678476], [-84.36824313722656, 39.50851825625727], [-84.36777045285241, 39.50848255003341]]]}}, {"type": "Feature", "properties": {"name": "Gladell Park", "operator": null, "ndvi_mean_inside": 0.7394404479761599, "amenity_list": null, "amenity_count": null, "fee_status": null, "hours_status": null, "active_passive": null, "inclusiveness_score": null, "chen_quality_score": null}, "geometry": {"type": "Polygon", "coordinates": [[[-84.37673324435428, 39.50499106973796], [-84.37514583845301, 39.50489301726174], [-84.37496297886568, 39.506721188762945], [-84.37653258539218, 39.50681932813114], [-84.37673324435428, 39.50499106973796]]]}}, {"type": "Feature", "properties": {"name": "Jacot Park", "operator": null, "ndvi_mean_inside": 0.623033544271177, "amenity_list": null, "amenity_count": null, "fee_status": null, "hours_status": null, "active_passive": null, "inclusiveness_score": null, "chen_quality_score": null}, "geometry": {"type": "Polygon", "coordinates": [[[-84.35266750506581, 39.50348392091526], [-84.35025953273717, 39.503296593194165], [-84.3500143331921, 39.50619055593193], [-84.35278785296555, 39.50628868988989], [-84.35295730239255, 39.504518403727765], [-84.35266750506581, 39.50348392091526]]]}}, {"type": "Feature", "properties": {"name": "University Park", "operator": null, "ndvi_mean_inside": 0.6836071829961232, "amenity_list": null, "amenity_count": null, "fee_status": null, "hours_status": null, "active_passive": null, "inclusiveness_score": null, "chen_quality_score": null}, "geometry": {"type": "Polygon", "coordinates": [[[-84.37915457153282, 39.51945639241902], [-84.37895384061973, 39.519848807086724], [-84.37886025150239, 39.52136490926137], [-84.37923925844086, 39.52136048347484], [-84.37931504349685, 39.520406205925894], [-84.37987248169075, 39.52043297722571], [-84.37998395265765, 39.51954114601546], [-84.37915457153282, 39.51945639241902]]]}}, {"type": "Feature", "properties": {"name": "Flemming Park", "operator": null, "ndvi_mean_inside": 0.6231759399300173, "amenity_list": null, "amenity_count": null, "fee_status": null, "hours_status": null, "active_passive": null, "inclusiveness_score": null, "chen_quality_score": null}, "geometry": {"type": "Polygon", "coordinates": [[[-84.39731199430145, 39.51819001374794], [-84.3951761128813, 39.517753070019985], [-84.39503789244183, 39.51746764879525], [-84.39439577246507, 39.51743647793089], [-84.39444034988044, 39.51825248646162], [-84.39648702620819, 39.518609141387216], [-84.3966476112831, 39.51823905885755], [-84.39724064183298, 39.51835503002434], [-84.39731199430145, 39.51819001374794]]]}}, {"type": "Feature", "properties": {"name": "Crawford Park", "operator": null, "ndvi_mean_inside": 0.639832350522516, "amenity_list": null, "amenity_count": null, "fee_status": null, "hours_status": null, "active_passive": null, "inclusiveness_score": null, "chen_quality_score": null}, "geometry": {"type": "Polygon", "coordinates": [[[-84.39099792797155, 39.51105103198686], [-84.39097114788993, 39.51151478431574], [-84.39176933341524, 39.51154153492927], [-84.3917961131337, 39.51107778218926], [-84.39099792797155, 39.51105103198686]]]}}, {"type": "Feature", "properties": {"name": "Sherman Park", "operator": null, "ndvi_mean_inside": 0.61772033158414, "amenity_list": null, "amenity_count": null, "fee_status": null, "hours_status": null, "active_passive": null, "inclusiveness_score": null, "chen_quality_score": null}, "geometry": {"type": "Polygon", "coordinates": [[[-84.38948627753302, 39.507122566111406], [-84.38762682930862, 39.50707798325518], [-84.38755995543241, 39.50805895775556], [-84.38941491557578, 39.50812583233173], [-84.38948627753302, 39.507122566111406]]]}}, {"type": "Feature", "properties": {"name": "Lefferson Softball Complex", "operator": null, "ndvi_mean_inside": 0.6303979261157564, "amenity_list": null, "amenity_count": null, "fee_status": null, "hours_status": null, "active_passive": null, "inclusiveness_score": null, "chen_quality_score": null}, "geometry": {"type": "Polygon", "coordinates": [[[-84.35560159717642, 39.49271966167507], [-84.35431737316905, 39.49120801680135], [-84.35219036334519, 39.49006645408926], [-84.35153935192676, 39.490886975027074], [-84.34966201753475, 39.490855730609184], [-84.34945693371108, 39.4942580632679], [-84.35253817091609, 39.494378447295254], [-84.35268082357878, 39.492639341018055], [-84.35560159717642, 39.49271966167507]]]}}, {"type": "Feature", "properties": {"name": "Damon Park", "operator": null, "ndvi_mean_inside": 0.6517164766929673, "amenity_list": null, "amenity_count": null, "fee_status": null, "hours_status": null, "active_passive": null, "inclusiveness_score": null, "chen_quality_score": null}, "geometry": {"type": "Polygon", "coordinates": [[[-84.40333623563228, 39.4831861086667], [-84.40196286616516, 39.48311918874999], [-84.40182017242465, 39.48517927178426], [-84.4031623617125, 39.48492957152199], [-84.40333623563228, 39.4831861086667]]]}}, {"type": "Feature", "properties": {"name": "Oakland Park", "operator": null, "ndvi_mean_inside": 0.3943055350229533, "amenity_list": null, "amenity_count": null, "fee_status": null, "hours_status": null, "active_passive": null, "inclusiveness_score": null, "chen_quality_score": null}, "geometry": {"type": "Polygon", "coordinates": [[[-84.39832422797586, 39.50780035096429], [-84.39824838721592, 39.50863414060005], [-84.39913129267025, 39.50868765946721], [-84.39920264284558, 39.50784491813275], [-84.39832422797586, 39.50780035096429]]]}}, {"type": "Feature", "properties": {"name": "Forest Run Wildlife Preserve Metropark", "operator": "MetroParks of Butler County", "ndvi_mean_inside": 0.825707307120181, "amenity_list": "Hiking Trails, Playground, Picnic Area, Observation Platform, Creek Access, Water Fountain", "amenity_count": 8.0, "fee_status": "Free", "hours_status": "Day Use", "active_passive": "Mixed", "inclusiveness_score": 4.0, "chen_quality_score": 32.0}, "geometry": {"type": "Polygon", "coordinates": [[[-84.63444252789854, 39.378539928975385], [-84.63401000231552, 39.37817429181265], [-84.63266777103723, 39.37499936441708], [-84.63047837393744, 39.375084075200995], [-84.63006817713486, 39.371597111118504], [-84.62769142177294, 39.372948214349215], [-84.62777175584901, 39.380252225991], [-84.63245824919208, 39.3802433138823], [-84.63199448776928, 39.37865580865745], [-84.63444252789854, 39.378539928975385]]]}}, {"type": "Feature", "properties": {"name": "Shiloh Knothole Fields", "operator": null, "ndvi_mean_inside": 0.6833283970546424, "amenity_list": null, "amenity_count": null, "fee_status": null, "hours_status": null, "active_passive": null, "inclusiveness_score": null, "chen_quality_score": null}, "geometry": {"type": "Polygon", "coordinates": [[[-84.5054496392146, 39.46553246793343], [-84.50541394877078, 39.46295070619727], [-84.50411195285017, 39.46291499707244], [-84.50411195285017, 39.463673042999375], [-84.50272517919497, 39.463673087520405], [-84.50276527277344, 39.46571082698875], [-84.50533816652278, 39.465679676239695], [-84.5054496392146, 39.46553246793343]]]}}, {"type": "Feature", "properties": {"name": "Wieche Field", "operator": null, "ndvi_mean_inside": 0.6563750323610451, "amenity_list": null, "amenity_count": null, "fee_status": null, "hours_status": null, "active_passive": null, "inclusiveness_score": null, "chen_quality_score": null}, "geometry": {"type": "Polygon", "coordinates": [[[-84.55954744468872, 39.481429210304114], [-84.55817406396311, 39.48142028658644], [-84.55817406396311, 39.48251278973677], [-84.55955192183438, 39.4824994049827], [-84.55954744468872, 39.481429210304114]]]}}, {"type": "Feature", "properties": {"name": "Sportsman Club Ball Field", "operator": null, "ndvi_mean_inside": 0.6108616485995808, "amenity_list": null, "amenity_count": null, "fee_status": null, "hours_status": null, "active_passive": null, "inclusiveness_score": null, "chen_quality_score": null}, "geometry": {"type": "Polygon", "coordinates": [[[-84.63217734180549, 39.40056338381265], [-84.62974709249617, 39.4023827093446], [-84.63001467646104, 39.40264135973459], [-84.62975603593729, 39.402775140555285], [-84.62957764596604, 39.40267703184702], [-84.62840492180726, 39.403470768556055], [-84.62844061654104, 39.405018054749114], [-84.63222636894642, 39.40204828441218], [-84.63217734180549, 39.40056338381265]]]}}, {"type": "Feature", "properties": {"name": "Veterans Park", "operator": null, "ndvi_mean_inside": 0.6820017006263899, "amenity_list": null, "amenity_count": null, "fee_status": null, "hours_status": null, "active_passive": null, "inclusiveness_score": null, "chen_quality_score": null}, "geometry": {"type": "Polygon", "coordinates": [[[-84.54233978454205, 39.42671601306002], [-84.54210346469473, 39.42597139196787], [-84.54042240713498, 39.425400582177375], [-84.53977580283511, 39.42620768187775], [-84.53978476017322, 39.426608996516954], [-84.54028412959033, 39.42728682557554], [-84.5401682449171, 39.4275141861259], [-84.54243343251365, 39.42864233001863], [-84.54328065589866, 39.4280359102226], [-84.54233978454205, 39.42671601306002]]]}}, {"type": "Feature", "properties": {"name": "Old South Park", "operator": null, "ndvi_mean_inside": 0.5309162174745848, "amenity_list": null, "amenity_count": null, "fee_status": null, "hours_status": null, "active_passive": null, "inclusiveness_score": null, "chen_quality_score": null}, "geometry": {"type": "Polygon", "coordinates": [[[-84.41002938942383, 39.511149089119776], [-84.40862916379358, 39.51042223427154], [-84.40754560720744, 39.50986937460922], [-84.40744308591319, 39.51117589336627], [-84.40803616792329, 39.51121596501679], [-84.4093872728069, 39.5118982028055], [-84.41002938942383, 39.511149089119776]]]}}, {"type": "Feature", "properties": {"name": "Middletown Sportsmen Club", "operator": null, "ndvi_mean_inside": 0.710355407398046, "amenity_list": null, "amenity_count": null, "fee_status": null, "hours_status": null, "active_passive": null, "inclusiveness_score": null, "chen_quality_score": null}, "geometry": {"type": "Polygon", "coordinates": [[[-84.43209298365811, 39.534439012609965], [-84.43034505660091, 39.5344613037969], [-84.43029153227363, 39.53321721392634], [-84.42790588419354, 39.533703254917874], [-84.42740643469175, 39.53417144232255], [-84.4235538078012, 39.534742224561164], [-84.42387931719429, 39.53958032057143], [-84.42861045894387, 39.539549083304614], [-84.42862384041362, 39.54005743965296], [-84.42941750835654, 39.540021746650545], [-84.42930605094199, 39.54336164825748], [-84.43104511505045, 39.54363815399994], [-84.4309915913618, 39.53947777997339], [-84.43231148089411, 39.53942871367235], [-84.43209298365811, 39.534439012609965]]]}}, {"type": "Feature", "properties": {"name": "Hanover Park", "operator": null, "ndvi_mean_inside": 0.6704991811167791, "amenity_list": null, "amenity_count": null, "fee_status": null, "hours_status": null, "active_passive": null, "inclusiveness_score": null, "chen_quality_score": null}, "geometry": {"type": "Polygon", "coordinates": [[[-84.64650882034945, 39.437886107815224], [-84.6464732166203, 39.43553163194825], [-84.6455903009677, 39.43511694895473], [-84.6456036326156, 39.43650822773382], [-84.64141207454055, 39.4365527740764], [-84.64142548699036, 39.437261829593915], [-84.64193827134757, 39.437257371988274], [-84.64193827134757, 39.43791726085714], [-84.64650882034945, 39.437886107815224]]]}}, {"type": "Feature", "properties": {"name": "Sunset Park", "operator": null, "ndvi_mean_inside": 0.5971169905236194, "amenity_list": null, "amenity_count": null, "fee_status": null, "hours_status": null, "active_passive": null, "inclusiveness_score": null, "chen_quality_score": null}, "geometry": {"type": "Polygon", "coordinates": [[[-84.37871758194494, 39.51433292332194], [-84.37875318921928, 39.51362838460437], [-84.37979661715669, 39.51369082953041], [-84.3799259717422, 39.51297735556401], [-84.37842767056586, 39.51287035295069], [-84.37821370462764, 39.514569253026515], [-84.3776919388537, 39.514484478743675], [-84.37764293786509, 39.51654465482544], [-84.37806205138757, 39.51676758569417], [-84.37915898231229, 39.51665165903875], [-84.38074194963919, 39.516758649730406], [-84.38095157594448, 39.51443988955682], [-84.37871758194494, 39.51433292332194]]]}}, {"type": "Feature", "properties": {"name": null, "operator": null, "ndvi_mean_inside": 0.7327687509241735, "amenity_list": null, "amenity_count": null, "fee_status": null, "hours_status": null, "active_passive": null, "inclusiveness_score": null, "chen_quality_score": null}, "geometry": {"type": "Polygon", "coordinates": [[[-84.45373299602856, 39.331219897332204], [-84.45243096960105, 39.32952991978462], [-84.4513875494551, 39.32891459396936], [-84.45082117767048, 39.32935152704757], [-84.4503262486703, 39.32906616694555], [-84.44940766730568, 39.32930250413515], [-84.44876998650899, 39.3292623360566], [-84.44882349396984, 39.329708269459914], [-84.4520252017584, 39.33146515693055], [-84.45373299602856, 39.331219897332204]]]}}, {"type": "Feature", "properties": {"name": "Bull's Run Nature Sanctuary and Arboretum", "operator": null, "ndvi_mean_inside": 0.8374523230765532, "amenity_list": null, "amenity_count": null, "fee_status": null, "hours_status": null, "active_passive": null, "inclusiveness_score": null, "chen_quality_score": null}, "geometry": {"type": "Polygon", "coordinates": [[[-84.35978421742901, 39.51391823584595], [-84.3596013904274, 39.5158401073223], [-84.36183538685206, 39.51597828643293], [-84.36191568657078, 39.5140118658503], [-84.35978421742901, 39.51391823584595]]]}}, {"type": "Feature", "properties": {"name": null, "operator": null, "ndvi_mean_inside": 0.7009491854605697, "amenity_list": null, "amenity_count": null, "fee_status": null, "hours_status": null, "active_passive": null, "inclusiveness_score": null, "chen_quality_score": null}, "geometry": {"type": "Polygon", "coordinates": [[[-84.3743119780894, 39.39609541505483], [-84.3740845231233, 39.397736322218215], [-84.37513244480951, 39.397771970165536], [-84.37527961431809, 39.39618007795771], [-84.3743119780894, 39.39609541505483]]]}}, {"type": "Feature", "properties": {"name": "Oaklawn Park", "operator": null, "ndvi_mean_inside": 0.6635177064618811, "amenity_list": null, "amenity_count": null, "fee_status": null, "hours_status": null, "active_passive": null, "inclusiveness_score": null, "chen_quality_score": null}, "geometry": {"type": "Polygon", "coordinates": [[[-84.4109256638012, 39.45755959250688], [-84.41086322481114, 39.45854506903999], [-84.4118753855237, 39.45870557796483], [-84.41223662681473, 39.45818840137226], [-84.4109256638012, 39.45755959250688]]]}}, {"type": "Feature", "properties": {"name": "Rathman & Smith Parks", "operator": null, "ndvi_mean_inside": 0.6426742140303283, "amenity_list": null, "amenity_count": null, "fee_status": null, "hours_status": null, "active_passive": null, "inclusiveness_score": null, "chen_quality_score": null}, "geometry": {"type": "Polygon", "coordinates": [[[-84.40368406209208, 39.52311735233007], [-84.40326040133492, 39.52309500648012], [-84.40326489047152, 39.52280074637511], [-84.40277437010705, 39.52282750072847], [-84.40229723311893, 39.522724927534924], [-84.40227943660395, 39.522506458629096], [-84.40180229560016, 39.522506395497494], [-84.40167298908011, 39.52109291166147], [-84.39561755023121, 39.52247967405714], [-84.3933567723852, 39.52447735979535], [-84.39262098663717, 39.5260558928286], [-84.39281726121133, 39.52692095006199], [-84.392741413353, 39.52781724827642], [-84.3922196961017, 39.528588676058476], [-84.39360652213071, 39.52859313262887], [-84.39426644966427, 39.52807135832336], [-84.39407915959893, 39.527741452319496], [-84.3949085710522, 39.52720187236514], [-84.39508246937079, 39.527210800911455], [-84.39644694000033, 39.5284593643609], [-84.40288138870844, 39.52419196220018], [-84.40371973442899, 39.524258881212845], [-84.40368406209208, 39.52311735233007]]]}}, {"type": "Feature", "properties": {"name": "Gardner Park", "operator": null, "ndvi_mean_inside": 0.7016361441089871, "amenity_list": null, "amenity_count": null, "fee_status": null, "hours_status": null, "active_passive": null, "inclusiveness_score": null, "chen_quality_score": null}, "geometry": {"type": "Polygon", "coordinates": [[[-84.38489343805149, 39.52255547820873], [-84.38385892124873, 39.523942248889725], [-84.38367608870183, 39.52486086681946], [-84.3845500712616, 39.52544941283252], [-84.38605719761601, 39.5249812162071], [-84.38489343805149, 39.52255547820873]]]}}, {"type": "Feature", "properties": {"name": null, "operator": null, "ndvi_mean_inside": 0.1560896988277419, "amenity_list": null, "amenity_count": null, "fee_status": null, "hours_status": null, "active_passive": null, "inclusiveness_score": null, "chen_quality_score": null}, "geometry": {"type": "Polygon", "coordinates": [[[-84.40240874179058, 39.51591588384516], [-84.40219919189073, 39.51628599576879], [-84.40234629375392, 39.51635735618454], [-84.40261388192181, 39.51603181688453], [-84.40240874179058, 39.51591588384516]]]}}, {"type": "Feature", "properties": {"name": null, "operator": null, "ndvi_mean_inside": 0.3551322026281076, "amenity_list": null, "amenity_count": null, "fee_status": null, "hours_status": null, "active_passive": null, "inclusiveness_score": null, "chen_quality_score": null}, "geometry": {"type": "Polygon", "coordinates": [[[-84.40350570008289, 39.51646883601969], [-84.40330946116639, 39.516678368532034], [-84.4035145981555, 39.516794298674995], [-84.40371083638742, 39.51658476614856], [-84.40350570008289, 39.51646883601969]]]}}, {"type": "Feature", "properties": {"name": "Beacon Hill Park", "operator": null, "ndvi_mean_inside": 0.7562414229574447, "amenity_list": null, "amenity_count": null, "fee_status": null, "hours_status": null, "active_passive": null, "inclusiveness_score": null, "chen_quality_score": null}, "geometry": {"type": "Polygon", "coordinates": [[[-84.50779515769185, 39.30282437563649], [-84.50705496638908, 39.30222239192203], [-84.50642623651544, 39.302570189061825], [-84.50626123081062, 39.30294473754013], [-84.5069791062523, 39.30350658261149], [-84.50740721860029, 39.30356008212672], [-84.50781740329582, 39.30338619964767], [-84.50779515769185, 39.30282437563649]]]}}, {"type": "Feature", "properties": {"name": "Oakwood Park", "operator": null, "ndvi_mean_inside": 0.7182667800876388, "amenity_list": null, "amenity_count": null, "fee_status": null, "hours_status": null, "active_passive": null, "inclusiveness_score": null, "chen_quality_score": null}, "geometry": {"type": "Polygon", "coordinates": [[[-84.53337703184853, 39.322765452613396], [-84.53267243939261, 39.32259157019135], [-84.53272155077921, 39.3233897210913], [-84.53377383626356, 39.32529826274956], [-84.53411720867211, 39.32488354396199], [-84.53337703184853, 39.322765452613396]]]}}, {"type": "Feature", "properties": {"name": "Lakewood Park", "operator": null, "ndvi_mean_inside": 0.8061358734273054, "amenity_list": null, "amenity_count": null, "fee_status": null, "hours_status": null, "active_passive": null, "inclusiveness_score": null, "chen_quality_score": null}, "geometry": {"type": "Polygon", "coordinates": [[[-84.53272595000564, 39.32394264105856], [-84.53210173644543, 39.32327822767548], [-84.53195008129424, 39.32257369923788], [-84.53175835214343, 39.32248450105588], [-84.53160677608484, 39.322948250768476], [-84.53162901259729, 39.323942633869706], [-84.53205710379956, 39.32372859829368], [-84.53272595000564, 39.32394264105856]]]}}, {"type": "Feature", "properties": {"name": "Huffman Park", "operator": null, "ndvi_mean_inside": 0.7211756761728707, "amenity_list": null, "amenity_count": null, "fee_status": null, "hours_status": null, "active_passive": null, "inclusiveness_score": null, "chen_quality_score": null}, "geometry": {"type": "Polygon", "coordinates": [[[-84.54614788044809, 39.306570015135854], [-84.54595163993372, 39.3089333507732], [-84.54986672885401, 39.309312325734034], [-84.5501610695485, 39.30694457408996], [-84.54614788044809, 39.306570015135854]]]}}, {"type": "Feature", "properties": {"name": "Village Green Park", "operator": null, "ndvi_mean_inside": 0.3818232564512349, "amenity_list": null, "amenity_count": null, "fee_status": null, "hours_status": null, "active_passive": null, "inclusiveness_score": null, "chen_quality_score": null}, "geometry": {"type": "Polygon", "coordinates": [[[-84.56586155586342, 39.33376161186967], [-84.56561629839106, 39.33353422986161], [-84.56512578033703, 39.333556497616684], [-84.56422955093649, 39.33455083354226], [-84.56494295418038, 39.33486303487815], [-84.56587050918048, 39.33399794070491], [-84.56586155586342, 39.33376161186967]]]}}, {"type": "Feature", "properties": {"name": "William F. & Cora Dudley Woods Park", "operator": "MetroParks of Butler County", "ndvi_mean_inside": 0.8479227639289487, "amenity_list": "Hiking Trails, Pond, Picnic Shelter, Playground, Wildlife Watching, Creek Access, Grills, Fishing", "amenity_count": 9.0, "fee_status": "Free", "hours_status": "Day Use", "active_passive": "Mixed", "inclusiveness_score": 4.0, "chen_quality_score": 36.0}, "geometry": {"type": "Polygon", "coordinates": [[[-84.43155342740826, 39.43109484856807], [-84.42972968414348, 39.4301896560535], [-84.42976534066644, 39.42893664195119], [-84.43013095899886, 39.427340311146686], [-84.43006854042662, 39.426274579254056], [-84.42519031164116, 39.42594015869637], [-84.42479341036127, 39.43086745108897], [-84.42840532944479, 39.43100120137638], [-84.42836069765801, 39.431937632786294], [-84.43262364128336, 39.43210264393565], [-84.43269054402538, 39.43112606547693], [-84.43155342740826, 39.43109484856807]]]}}, {"type": "Feature", "properties": {"name": "Wetlands Park East", "operator": "Liberty Township", "ndvi_mean_inside": 0.7717357321958604, "amenity_list": null, "amenity_count": null, "fee_status": null, "hours_status": null, "active_passive": null, "inclusiveness_score": null, "chen_quality_score": null}, "geometry": {"type": "Polygon", "coordinates": [[[-84.4363112707075, 39.379672490822344], [-84.4363425167398, 39.379137432830746], [-84.42116820640815, 39.37851761545591], [-84.42103445471521, 39.37954762955788], [-84.43356003236283, 39.38021651968051], [-84.4402531066537, 39.380354772793886], [-84.4402932430862, 39.37984198532556], [-84.4363112707075, 39.379672490822344]]]}}, {"type": "Feature", "properties": {"name": "Wetlands Park West", "operator": "Liberty Township", "ndvi_mean_inside": 0.657081503288636, "amenity_list": null, "amenity_count": null, "fee_status": null, "hours_status": null, "active_passive": null, "inclusiveness_score": null, "chen_quality_score": null}, "geometry": {"type": "Polygon", "coordinates": [[[-84.45041539867599, 39.38171476107158], [-84.441167265171, 39.381268908240884], [-84.44114940032208, 39.38139375219148], [-84.44037800216873, 39.38135361885522], [-84.44038248846836, 39.38120645095279], [-84.44019518516676, 39.3811975095893], [-84.44008815444005, 39.38228107920264], [-84.44229097725986, 39.38234797518338], [-84.44235786897339, 39.381554254296404], [-84.44559069053605, 39.38168805443784], [-84.44556393533563, 39.38215620668422], [-84.44898850170011, 39.38230339430013], [-84.4503752691754, 39.382851840692986], [-84.45041539867599, 39.38171476107158]]]}}, {"type": "Feature", "properties": {"name": "Cherry Lane Farm Park", "operator": null, "ndvi_mean_inside": 0.4715789970812786, "amenity_list": null, "amenity_count": null, "fee_status": null, "hours_status": null, "active_passive": null, "inclusiveness_score": null, "chen_quality_score": null}, "geometry": {"type": "Polygon", "coordinates": [[[-84.41600456088015, 39.33404252876527], [-84.41500128748473, 39.33396223939813], [-84.41488082620214, 39.33416739976952], [-84.4157904911215, 39.334470630613275], [-84.41600456088015, 39.33404252876527]]]}}, {"type": "Feature", "properties": {"name": "Liberty Park", "operator": "Liberty Township Parks & Recreation Department", "ndvi_mean_inside": 0.6799848714520409, "amenity_list": null, "amenity_count": null, "fee_status": null, "hours_status": null, "active_passive": null, "inclusiveness_score": null, "chen_quality_score": null}, "geometry": {"type": "Polygon", "coordinates": [[[-84.39088639767115, 39.38141603150232], [-84.38698029847166, 39.38125550798191], [-84.38699809961417, 39.38105040547917], [-84.38603939618905, 39.38099236635879], [-84.38594573814233, 39.38261548821361], [-84.39062332644183, 39.38286075844162], [-84.39088639767115, 39.38141603150232]]]}}, {"type": "Feature", "properties": {"name": "Wilhelmina Park", "operator": null, "ndvi_mean_inside": 0.7624486853219316, "amenity_list": null, "amenity_count": null, "fee_status": null, "hours_status": null, "active_passive": null, "inclusiveness_score": null, "chen_quality_score": null}, "geometry": {"type": "Polygon", "coordinates": [[[-84.39889495461748, 39.38584392799883], [-84.39870326997023, 39.385607550541664], [-84.39789170985716, 39.38556299385848], [-84.39798975826548, 39.385179466459654], [-84.39382941185926, 39.384229733738685], [-84.39195214083185, 39.384697905960344], [-84.39218850677268, 39.38713703784996], [-84.39636668733009, 39.38709248229076], [-84.39663422252926, 39.38739124669971], [-84.39741012384708, 39.38720394909364], [-84.39784264550644, 39.386869480579875], [-84.39854269050642, 39.38691411435513], [-84.39886825829876, 39.38658860876311], [-84.39889495461748, 39.38584392799883]]]}}, {"type": "Feature", "properties": {"name": "Allen Park", "operator": null, "ndvi_mean_inside": 0.6327119170343283, "amenity_list": null, "amenity_count": null, "fee_status": null, "hours_status": null, "active_passive": null, "inclusiveness_score": null, "chen_quality_score": null}, "geometry": {"type": "Polygon", "coordinates": [[[-84.40279224663604, 39.414908295813774], [-84.40029517157531, 39.414935051687905], [-84.40022382272524, 39.41554594263459], [-84.40247118976093, 39.41566638098939], [-84.40281453216681, 39.41530964410536], [-84.40279224663604, 39.414908295813774]]]}}, {"type": "Feature", "properties": {"name": "Winton Hills Park", "operator": null, "ndvi_mean_inside": 0.665435069594641, "amenity_list": null, "amenity_count": null, "fee_status": null, "hours_status": null, "active_passive": null, "inclusiveness_score": null, "chen_quality_score": null}, "geometry": {"type": "Polygon", "coordinates": [[[-84.53657418588395, 39.30790776897389], [-84.53590530393285, 39.30819310310667], [-84.5359856053649, 39.308353675106986], [-84.5369844051483, 39.30818424025269], [-84.53706022621245, 39.30799245627346], [-84.53657418588395, 39.30790776897389]]]}}, {"type": "Feature", "properties": {"name": "South Locust Park", "operator": null, "ndvi_mean_inside": 0.6845027618263447, "amenity_list": null, "amenity_count": null, "fee_status": null, "hours_status": null, "active_passive": null, "inclusiveness_score": null, "chen_quality_score": null}, "geometry": {"type": "Polygon", "coordinates": [[[-84.74754318837056, 39.49648309370077], [-84.74766806032447, 39.4963716468808], [-84.74729344364478, 39.49603719945176], [-84.74653097437819, 39.49612192174365], [-84.74687874067652, 39.49709402185826], [-84.74831903165342, 39.49692902007068], [-84.74754318837056, 39.49648309370077]]]}}, {"type": "Feature", "properties": {"name": "Gorman Park", "operator": null, "ndvi_mean_inside": 0.5295844950906503, "amenity_list": null, "amenity_count": null, "fee_status": null, "hours_status": null, "active_passive": null, "inclusiveness_score": null, "chen_quality_score": null}, "geometry": {"type": "Polygon", "coordinates": [[[-84.44272797503862, 39.29790601420372], [-84.44266108374747, 39.298579281000606], [-84.44148386463968, 39.29851239565697], [-84.441399107156, 39.29945326363992], [-84.44340128971201, 39.299729725646294], [-84.44359298871548, 39.29795950117637], [-84.44272797503862, 39.29790601420372]]]}}, {"type": "Feature", "properties": {"name": "Incline Park", "operator": null, "ndvi_mean_inside": 0.7146145107116287, "amenity_list": null, "amenity_count": null, "fee_status": null, "hours_status": null, "active_passive": null, "inclusiveness_score": null, "chen_quality_score": null}, "geometry": {"type": "Polygon", "coordinates": [[[-84.41430119800084, 39.37853993888324], [-84.40874514917468, 39.3781385649584], [-84.40668503198317, 39.37750987729283], [-84.40561041747635, 39.37736268648687], [-84.40545875464991, 39.37955211073579], [-84.40564159968974, 39.37986424953469], [-84.40676086186359, 39.38029233249146], [-84.40685889548577, 39.38002475569718], [-84.40645313302103, 39.379824138224706], [-84.40636840510432, 39.377902206854955], [-84.40942294168329, 39.37852209611046], [-84.41406484077793, 39.37918650568841], [-84.41430119800084, 39.37853993888324]]]}}, {"type": "Feature", "properties": {"name": null, "operator": null, "ndvi_mean_inside": 0.5882219037826028, "amenity_list": null, "amenity_count": null, "fee_status": null, "hours_status": null, "active_passive": null, "inclusiveness_score": null, "chen_quality_score": null}, "geometry": {"type": "Polygon", "coordinates": [[[-84.74769029340064, 39.496808611944864], [-84.74750748785115, 39.496697141122844], [-84.74707939863733, 39.496616883297484], [-84.74716410827999, 39.49701824270575], [-84.74750748785115, 39.49699145551419], [-84.74769029340064, 39.496808611944864]]]}}, {"type": "Feature", "properties": {"name": "Fairfield Youth Football Fields", "operator": null, "ndvi_mean_inside": 0.6278996904905771, "amenity_list": null, "amenity_count": null, "fee_status": null, "hours_status": null, "active_passive": null, "inclusiveness_score": null, "chen_quality_score": null}, "geometry": {"type": "Polygon", "coordinates": [[[-84.58401452463792, 39.34484248953972], [-84.58384957918734, 39.34660381727791], [-84.58654730536456, 39.34688030892491], [-84.58671679809672, 39.34519029291438], [-84.58401452463792, 39.34484248953972]]]}}, {"type": "Feature", "properties": {"name": "The Joe Nuxhall Miracle League Fields at Hatton Park", "operator": null, "ndvi_mean_inside": 0.3749443584961794, "amenity_list": null, "amenity_count": null, "fee_status": null, "hours_status": null, "active_passive": null, "inclusiveness_score": null, "chen_quality_score": null}, "geometry": {"type": "Polygon", "coordinates": [[[-84.58616380724887, 39.346862410971674], [-84.58400565403697, 39.34668406603177], [-84.58387635088881, 39.34795049690838], [-84.58471465850718, 39.34820907069934], [-84.58572684485176, 39.34797724295188], [-84.58616380724887, 39.346862410971674]]]}}, {"type": "Feature", "properties": {"name": "Beckett Park", "operator": null, "ndvi_mean_inside": 0.6958025397225791, "amenity_list": null, "amenity_count": null, "fee_status": null, "hours_status": null, "active_passive": null, "inclusiveness_score": null, "chen_quality_score": null}, "geometry": {"type": "Polygon", "coordinates": [[[-84.44807887078133, 39.34598402663206], [-84.44842667250613, 39.343999713711966], [-84.44799412283497, 39.34390161637035], [-84.44626845817103, 39.34407106367163], [-84.44576459904113, 39.343932789613866], [-84.44530527439976, 39.343620681121656], [-84.44473451806351, 39.342862652683685], [-84.44340569567191, 39.342719900266154], [-84.44350382832926, 39.34172555776062], [-84.44291967624422, 39.341212735151544], [-84.44215719360383, 39.341123572562104], [-84.44176921927468, 39.340806951842964], [-84.44089080001585, 39.340740103462686], [-84.44089969242451, 39.340031069221055], [-84.4405608186006, 39.3400132411416], [-84.4411137507194, 39.33804235195817], [-84.43562016831167, 39.337034619183626], [-84.43531243043698, 39.33675367269994], [-84.43446075484714, 39.33489870365108], [-84.43389894664452, 39.33456867522172], [-84.4325701190348, 39.33331569342056], [-84.42877544343867, 39.33153654319686], [-84.4281555672859, 39.332490758175126], [-84.42987239023216, 39.333293436696316], [-84.43092468668232, 39.33443048145464], [-84.43022911387222, 39.335277669205446], [-84.4305055491638, 39.3352821256051], [-84.43083999406248, 39.33486298507841], [-84.43115208215617, 39.33482731986469], [-84.43320332897548, 39.335928734545035], [-84.43507615779933, 39.33759644247201], [-84.43624885871114, 39.33834552261237], [-84.43686864935245, 39.339197276940006], [-84.43728341510318, 39.34070441674507], [-84.4370425837341, 39.34171664684306], [-84.43820194615837, 39.3420956734299], [-84.43871476303802, 39.342430094524325], [-84.43901351025102, 39.34291170765232], [-84.43893772201659, 39.343651916214654], [-84.43856759202245, 39.344164711877404], [-84.43889758465615, 39.344325251501395], [-84.43932114858991, 39.34392389286489], [-84.44059206236847, 39.344137938254306], [-84.44112264309422, 39.34464180193386], [-84.44211705844748, 39.34451250772035], [-84.4437089050256, 39.34400416636797], [-84.44395419503793, 39.34438315927733], [-84.44618370760614, 39.346077609119355], [-84.44841329555489, 39.34813325928506], [-84.44861394950276, 39.34635408709396], [-84.44807887078133, 39.34598402663206]]]}}, {"type": "Feature", "properties": {"name": "Monroe Crossings Park", "operator": null, "ndvi_mean_inside": 0.6360707361956939, "amenity_list": null, "amenity_count": null, "fee_status": null, "hours_status": null, "active_passive": null, "inclusiveness_score": null, "chen_quality_score": null}, "geometry": {"type": "Polygon", "coordinates": [[[-84.42546677066836, 39.4445480078042], [-84.4237365965329, 39.44306758146118], [-84.42122614668148, 39.44394602384835], [-84.41951828705255, 39.44434288167489], [-84.4167135261393, 39.444677258918055], [-84.41679383118306, 39.44568948905012], [-84.4203343570004, 39.4451677724158], [-84.4236474860956, 39.44530604513948], [-84.42521707613724, 39.44485563981276], [-84.42546677066836, 39.4445480078042]]]}}, {"type": "Feature", "properties": {"name": "Susan & Clarence Carmody Memorial Park", "operator": "Warren County Parks", "ndvi_mean_inside": 0.7914343884800109, "amenity_list": null, "amenity_count": null, "fee_status": null, "hours_status": null, "active_passive": null, "inclusiveness_score": null, "chen_quality_score": null}, "geometry": {"type": "Polygon", "coordinates": [[[-84.35267641081879, 39.56432390546242], [-84.35134759343612, 39.56257593140056], [-84.35126735957324, 39.56205865059147], [-84.35139220341672, 39.561478994616365], [-84.3518380606698, 39.56043556717853], [-84.35119595134358, 39.558370956461516], [-84.34786951589568, 39.55842006978459], [-84.34786951589568, 39.55953038751014], [-84.34629986884913, 39.559534844973214], [-84.34630877556235, 39.562290539150716], [-84.34610368009601, 39.56229495663682], [-84.34610817358802, 39.56268292223439], [-84.3454124806638, 39.56269627256282], [-84.3454124806638, 39.5630307140018], [-84.34667001787989, 39.56302179688871], [-84.34667892453729, 39.56333843067474], [-84.3477713840877, 39.563320613166475], [-84.34780709028364, 39.564368505753514], [-84.35267641081879, 39.56432390546242]]]}}, {"type": "Feature", "properties": {"name": null, "operator": null, "ndvi_mean_inside": 0.3728484007621411, "amenity_list": null, "amenity_count": null, "fee_status": null, "hours_status": null, "active_passive": null, "inclusiveness_score": null, "chen_quality_score": null}, "geometry": {"type": "Polygon", "coordinates": [[[-84.38330593124638, 39.50629762765608], [-84.3832836383271, 39.50652059062869], [-84.38359132798206, 39.506542839964865], [-84.38360022906622, 39.50632434558925], [-84.38330593124638, 39.50629762765608]]]}}, {"type": "Feature", "properties": {"name": "East View Park", "operator": null, "ndvi_mean_inside": 0.5745983663636263, "amenity_list": null, "amenity_count": null, "fee_status": null, "hours_status": null, "active_passive": null, "inclusiveness_score": null, "chen_quality_score": null}, "geometry": {"type": "Polygon", "coordinates": [[[-84.53959297686478, 39.38404242938807], [-84.53872346595831, 39.38422523389589], [-84.54104221279492, 39.38674466212535], [-84.54168880301368, 39.38628982988484], [-84.54194295858575, 39.385701230063574], [-84.54211682019056, 39.38419400008449], [-84.53959297686478, 39.38404242938807]]]}}, {"type": "Feature", "properties": {"name": null, "operator": null, "ndvi_mean_inside": 0.5451768610896773, "amenity_list": null, "amenity_count": null, "fee_status": null, "hours_status": null, "active_passive": null, "inclusiveness_score": null, "chen_quality_score": null}, "geometry": {"type": "Polygon", "coordinates": [[[-84.56738655763613, 39.40118766287801], [-84.5667221871507, 39.40149978948958], [-84.56536656318538, 39.40299363666908], [-84.56588833587017, 39.403319149216834], [-84.5679261382227, 39.401531035711585], [-84.56738655763613, 39.40118766287801]]]}}, {"type": "Feature", "properties": {"name": "Schwartzwald Park", "operator": null, "ndvi_mean_inside": 0.8100710906009566, "amenity_list": null, "amenity_count": null, "fee_status": null, "hours_status": null, "active_passive": null, "inclusiveness_score": null, "chen_quality_score": null}, "geometry": {"type": "Polygon", "coordinates": [[[-84.56586603252212, 39.416950567773334], [-84.56487164622727, 39.418524637508824], [-84.5661246389164, 39.418288325224374], [-84.56733307893137, 39.41865399708372], [-84.56767641295718, 39.41822586265047], [-84.56586603252212, 39.416950567773334]]]}}, {"type": "Feature", "properties": {"name": "Kingston Tot Lot", "operator": null, "ndvi_mean_inside": 0.761702790354261, "amenity_list": null, "amenity_count": null, "fee_status": null, "hours_status": null, "active_passive": null, "inclusiveness_score": null, "chen_quality_score": null}, "geometry": {"type": "Polygon", "coordinates": [[[-84.60180190189695, 39.42015665175947], [-84.60177961236663, 39.419398619149305], [-84.60072280714691, 39.41940756046609], [-84.60073175507978, 39.419675101287595], [-84.6002769267034, 39.419675136946545], [-84.6002813208116, 39.419808863768544], [-84.60074957104916, 39.419813312679494], [-84.60074957104916, 39.42014774983153], [-84.60180190189695, 39.42015665175947]]]}}, {"type": "Feature", "properties": {"name": "Madison Community Park", "operator": null, "ndvi_mean_inside": 0.6393542665578905, "amenity_list": null, "amenity_count": null, "fee_status": null, "hours_status": null, "active_passive": null, "inclusiveness_score": null, "chen_quality_score": null}, "geometry": {"type": "Polygon", "coordinates": [[[-84.4367839653143, 39.53049711318307], [-84.43011317091442, 39.53062642607078], [-84.43017558943917, 39.53260186386078], [-84.43543733647563, 39.532499264308804], [-84.43537933011231, 39.53076026221759], [-84.43678845188893, 39.530733485966], [-84.4367839653143, 39.53049711318307]]]}}, {"type": "Feature", "properties": {"name": "Lentil Park", "operator": "Hamilton Community Foundation", "ndvi_mean_inside": 0.3628398372132456, "amenity_list": null, "amenity_count": null, "fee_status": null, "hours_status": null, "active_passive": null, "inclusiveness_score": null, "chen_quality_score": null}, "geometry": {"type": "Polygon", "coordinates": [[[-84.56346705355281, 39.40042070570484], [-84.5633823132377, 39.400590124390376], [-84.56362310331882, 39.40065702689146], [-84.5637078432824, 39.40049202333068], [-84.56346705355281, 39.40042070570484]]]}}, {"type": "Feature", "properties": {"name": "Avalon Park", "operator": null, "ndvi_mean_inside": 0.5827336490251533, "amenity_list": null, "amenity_count": null, "fee_status": null, "hours_status": null, "active_passive": null, "inclusiveness_score": null, "chen_quality_score": null}, "geometry": {"type": "Polygon", "coordinates": [[[-84.38360022906622, 39.52927088865164], [-84.38335500771524, 39.528066963236846], [-84.38302502380854, 39.52752735290432], [-84.38279319196796, 39.52789745378532], [-84.38280650367909, 39.528896356868636], [-84.38318556542008, 39.529230731562926], [-84.38360022906622, 39.52927088865164]]]}}, {"type": "Feature", "properties": {"name": null, "operator": null, "ndvi_mean_inside": 0.746332054990295, "amenity_list": null, "amenity_count": null, "fee_status": null, "hours_status": null, "active_passive": null, "inclusiveness_score": null, "chen_quality_score": null}, "geometry": {"type": "Polygon", "coordinates": [[[-84.75045047460993, 39.51657139229601], [-84.74977275321318, 39.51658923191831], [-84.74982175979171, 39.51748992133383], [-84.75045047460993, 39.51750781023217], [-84.75045047460993, 39.51657139229601]]]}}, {"type": "Feature", "properties": {"name": "Central Quad", "operator": "Miami University", "ndvi_mean_inside": 0.7642156460959673, "amenity_list": null, "amenity_count": null, "fee_status": null, "hours_status": null, "active_passive": null, "inclusiveness_score": null, "chen_quality_score": null}, "geometry": {"type": "Polygon", "coordinates": [[[-84.73514237265195, 39.5044470677547], [-84.73402767469761, 39.504429237746514], [-84.73398750212448, 39.50577140040236], [-84.73440668240791, 39.50623963590494], [-84.7347277410248, 39.50624856956515], [-84.73516469030143, 39.50580709454853], [-84.73514237265195, 39.5044470677547]]]}}, {"type": "Feature", "properties": {"name": null, "operator": null, "ndvi_mean_inside": 0.7267807744123234, "amenity_list": null, "amenity_count": null, "fee_status": null, "hours_status": null, "active_passive": null, "inclusiveness_score": null, "chen_quality_score": null}, "geometry": {"type": "Polygon", "coordinates": [[[-84.72490881402621, 39.5212088200179], [-84.72477057911969, 39.522854273763734], [-84.72632231456596, 39.522840856944285], [-84.72653635748749, 39.5223637082827], [-84.72660324075412, 39.52062024407495], [-84.72490881402621, 39.5212088200179]]]}}, {"type": "Feature", "properties": {"name": null, "operator": null, "ndvi_mean_inside": 0.6163330747678569, "amenity_list": null, "amenity_count": null, "fee_status": null, "hours_status": null, "active_passive": null, "inclusiveness_score": null, "chen_quality_score": null}, "geometry": {"type": "Polygon", "coordinates": [[[-84.66648566912444, 39.49672839815186], [-84.66525934965674, 39.49673731082526], [-84.66528169448927, 39.49832919525853], [-84.66649899593814, 39.49831577759502], [-84.66648566912444, 39.49672839815186]]]}}, {"type": "Feature", "properties": {"name": null, "operator": null, "ndvi_mean_inside": 0.8152828777421047, "amenity_list": null, "amenity_count": null, "fee_status": null, "hours_status": null, "active_passive": null, "inclusiveness_score": null, "chen_quality_score": null}, "geometry": {"type": "Polygon", "coordinates": [[[-84.73117383744551, 39.51788678494849], [-84.73077695285482, 39.51776193302595], [-84.73109803182436, 39.5179626120733], [-84.73117383744551, 39.51788678494849]]]}}, {"type": "Feature", "properties": {"name": "The Pulley Pavillion Park", "operator": null, "ndvi_mean_inside": 0.7696881359378661, "amenity_list": null, "amenity_count": null, "fee_status": null, "hours_status": null, "active_passive": null, "inclusiveness_score": null, "chen_quality_score": null}, "geometry": {"type": "Polygon", "coordinates": [[[-84.72752182150779, 39.51352134615898], [-84.72740583386273, 39.51344997314787], [-84.72723643567737, 39.513548089812346], [-84.72741922626261, 39.5136908117322], [-84.72752182150779, 39.51352134615898]]]}}, {"type": "Feature", "properties": {"name": "Forest Run MetroPark Timberman Ridge Area", "operator": "MetroParks of Butler County", "ndvi_mean_inside": 0.772852287255615, "amenity_list": "Hiking Trails, Playground, Picnic Area, Observation Platform, Creek Access, Water Fountain", "amenity_count": 8.0, "fee_status": "Free", "hours_status": "Day Use", "active_passive": "Mixed", "inclusiveness_score": 4.0, "chen_quality_score": 32.0}, "geometry": {"type": "Polygon", "coordinates": [[[-84.62769142177294, 39.372948214349215], [-84.62754880056333, 39.36594294926425], [-84.61794389708186, 39.366099033326144], [-84.61804644811573, 39.37003640836609], [-84.61966064450124, 39.370045337620084], [-84.61969179227363, 39.37513310539993], [-84.62335720876509, 39.37466491173416], [-84.62381648752012, 39.374843315958636], [-84.62548418733851, 39.37446426246671], [-84.62769142177294, 39.372948214349215]]]}}, {"type": "Feature", "properties": {"name": "Open Shelter", "operator": null, "ndvi_mean_inside": 0.4917008056732118, "amenity_list": null, "amenity_count": null, "fee_status": null, "hours_status": null, "active_passive": null, "inclusiveness_score": null, "chen_quality_score": null}, "geometry": {"type": "Polygon", "coordinates": [[[-84.46083636349992, 39.33142500959662], [-84.46064464083977, 39.331420550621495], [-84.4607516340141, 39.3314963503943], [-84.46083636349992, 39.33142500959662]]]}}, {"type": "Feature", "properties": {"name": null, "operator": null, "ndvi_mean_inside": 0.3209237441535399, "amenity_list": null, "amenity_count": null, "fee_status": null, "hours_status": null, "active_passive": null, "inclusiveness_score": null, "chen_quality_score": null}, "geometry": {"type": "Polygon", "coordinates": [[[-84.74436384224677, 39.50517387872236], [-84.74422557461361, 39.50500003019869], [-84.74413193496044, 39.50516946976703], [-84.74436384224677, 39.50517387872236]]]}}, {"type": "Feature", "properties": {"name": null, "operator": null, "ndvi_mean_inside": 0.6477770793348315, "amenity_list": null, "amenity_count": null, "fee_status": null, "hours_status": null, "active_passive": null, "inclusiveness_score": null, "chen_quality_score": null}, "geometry": {"type": "Polygon", "coordinates": [[[-84.46323981082904, 39.414573884289915], [-84.46101471145913, 39.41451590071911], [-84.4605688004997, 39.414725539725914], [-84.45982857119655, 39.415318558664545], [-84.45984643034976, 39.41626391844572], [-84.46028786203735, 39.41658047145129], [-84.46028345734717, 39.41693720630169], [-84.4609834785823, 39.41695947483857], [-84.46097010449918, 39.416616159287464], [-84.46237917148531, 39.416089949579955], [-84.46348950358201, 39.41506440520512], [-84.46323981082904, 39.414573884289915]]]}}, {"type": "Feature", "properties": {"name": null, "operator": null, "ndvi_mean_inside": 0.7635328974987986, "amenity_list": null, "amenity_count": null, "fee_status": null, "hours_status": null, "active_passive": null, "inclusiveness_score": null, "chen_quality_score": null}, "geometry": {"type": "Polygon", "coordinates": [[[-84.4466475111823, 39.41188952725512], [-84.44658062436461, 39.4121347712156], [-84.44374903909197, 39.41415476332075], [-84.44318275368546, 39.41403883644991], [-84.4414303504771, 39.41257173811096], [-84.44103796519987, 39.41172006511143], [-84.44086852893241, 39.41175130599448], [-84.44168454231429, 39.4141146324095], [-84.44297318904717, 39.41567525943529], [-84.44283940694817, 39.416718732994255], [-84.44230876165102, 39.41750350493317], [-84.44304897206477, 39.417570437245274], [-84.44344142398904, 39.41740096660499], [-84.44356182665521, 39.4152784688325], [-84.44395419503793, 39.41459622078785], [-84.44658951591005, 39.41278583226163], [-84.44742339268798, 39.41308900524999], [-84.44750365570563, 39.411889528020296], [-84.4466475111823, 39.41188952725512]]]}}, {"type": "Feature", "properties": {"name": null, "operator": null, "ndvi_mean_inside": 0.7525199627425522, "amenity_list": null, "amenity_count": null, "fee_status": null, "hours_status": null, "active_passive": null, "inclusiveness_score": null, "chen_quality_score": null}, "geometry": {"type": "Polygon", "coordinates": [[[-84.44160427132688, 39.41541217710765], [-84.44062322600753, 39.41450256711825], [-84.44043600358746, 39.414083398562006], [-84.44026207927175, 39.413138058632875], [-84.43955307798917, 39.41118051364067], [-84.43974927592528, 39.41029316000564], [-84.43899564474582, 39.4102574857231], [-84.4401327773042, 39.413717720596416], [-84.43868800469903, 39.41368655577367], [-84.43867013909465, 39.414203751926756], [-84.44017732002163, 39.41429740243613], [-84.44102010031155, 39.41758376757366], [-84.44119402237847, 39.41757039815307], [-84.44119402237847, 39.417186905538024], [-84.44185397622324, 39.41594733552859], [-84.44160427132688, 39.41541217710765]]]}}, {"type": "Feature", "properties": {"name": "Rotary Park", "operator": null, "ndvi_mean_inside": 0.5326523668431926, "amenity_list": null, "amenity_count": null, "fee_status": null, "hours_status": null, "active_passive": null, "inclusiveness_score": null, "chen_quality_score": null}, "geometry": {"type": "Polygon", "coordinates": [[[-84.56143365157955, 39.39984104467704], [-84.56117502428481, 39.40035382312035], [-84.56146043362926, 39.40044299748412], [-84.56171458267401, 39.39993016757578], [-84.56143365157955, 39.39984104467704]]]}}, {"type": "Feature", "properties": {"name": "Clifford George Park", "operator": "Springfield Township", "ndvi_mean_inside": 0.6368776398595076, "amenity_list": null, "amenity_count": null, "fee_status": null, "hours_status": null, "active_passive": null, "inclusiveness_score": null, "chen_quality_score": null}, "geometry": {"type": "Polygon", "coordinates": [[[-84.54443559165958, 39.30308300823664], [-84.5434857822264, 39.30213764238251], [-84.54268318635786, 39.302106458211334], [-84.54262960493189, 39.30373849220633], [-84.54450244639926, 39.30382767859817], [-84.54443559165958, 39.30308300823664]]]}}, {"type": "Feature", "properties": {"name": "Rosemont Park", "operator": "Parks & Recreation, City of Monroe, Ohio", "ndvi_mean_inside": 0.7896502566848733, "amenity_list": null, "amenity_count": null, "fee_status": null, "hours_status": null, "active_passive": null, "inclusiveness_score": null, "chen_quality_score": null}, "geometry": {"type": "Polygon", "coordinates": [[[-84.4169900250797, 39.45581163770882], [-84.4167491905685, 39.45756853815941], [-84.42020949895307, 39.45777809538744], [-84.42036112371026, 39.45604802102029], [-84.4169900250797, 39.45581163770882]]]}}, {"type": "Feature", "properties": {"name": "Met Lab Park", "operator": null, "ndvi_mean_inside": 0.1204749803263377, "amenity_list": null, "amenity_count": null, "fee_status": null, "hours_status": null, "active_passive": null, "inclusiveness_score": null, "chen_quality_score": null}, "geometry": {"type": "Polygon", "coordinates": [[[-84.38865686984968, 39.49814637747051], [-84.38874162327832, 39.49882416680901], [-84.38959332030667, 39.498873182956814], [-84.38963341118304, 39.49817315868271], [-84.38865686984968, 39.49814637747051]]]}}, {"type": "Feature", "properties": {"name": "Middletown River Center", "operator": null, "ndvi_mean_inside": 0.6061870230972046, "amenity_list": null, "amenity_count": null, "fee_status": null, "hours_status": null, "active_passive": null, "inclusiveness_score": null, "chen_quality_score": null}, "geometry": {"type": "Polygon", "coordinates": [[[-84.41365904791279, 39.51425711593451], [-84.41000702647393, 39.51626811950631], [-84.41020324303436, 39.51663822745472], [-84.41020324303436, 39.517048476161854], [-84.40904388862894, 39.51929142050364], [-84.40866483313005, 39.520994833721424], [-84.40898593633943, 39.522180884822355], [-84.40972616633576, 39.52328233730338], [-84.41064472790006, 39.52281414188164], [-84.41017647169583, 39.52225673496554], [-84.40990450947288, 39.52128460953348], [-84.41081857969029, 39.52115087148843], [-84.4110103851489, 39.52125788039506], [-84.41170153685991, 39.52055332356421], [-84.41215631554152, 39.51980419934935], [-84.41237480683232, 39.51876078406569], [-84.41305704586853, 39.51707082499497], [-84.41373935713206, 39.516071975878134], [-84.41458652454467, 39.51412774574474], [-84.41365904791279, 39.51425711593451]]]}}, {"type": "Feature", "properties": {"name": null, "operator": null, "ndvi_mean_inside": 0.4576049388784342, "amenity_list": null, "amenity_count": null, "fee_status": null, "hours_status": null, "active_passive": null, "inclusiveness_score": null, "chen_quality_score": null}, "geometry": {"type": "Polygon", "coordinates": [[[-84.40034415371329, 39.518542281322674], [-84.40008112476542, 39.518783125673515], [-84.40057607676862, 39.51904172387558], [-84.4007901217773, 39.5187697255805], [-84.40034415371329, 39.518542281322674]]]}}, {"type": "Feature", "properties": {"name": null, "operator": null, "ndvi_mean_inside": 0.6561629845847149, "amenity_list": null, "amenity_count": null, "fee_status": null, "hours_status": null, "active_passive": null, "inclusiveness_score": null, "chen_quality_score": null}, "geometry": {"type": "Polygon", "coordinates": [[[-84.3547364920152, 39.41317371960745], [-84.35441541387019, 39.417137850195175], [-84.35853562368281, 39.41735640609833], [-84.35899939703432, 39.41348586290511], [-84.3547364920152, 39.41317371960745]]]}}, {"type": "Feature", "properties": {"name": "Voice of America MetroPark", "operator": "MetroParks of Butler County", "ndvi_mean_inside": 0.6700908967418964, "amenity_list": "Stocked Lake, Athletic Complex, Sledding Hill, Dog Park, Lodge, Trails, Boat Rental", "amenity_count": 13.0, "fee_status": "Free*", "hours_status": "Day Use", "active_passive": "Mixed", "inclusiveness_score": 4.0, "chen_quality_score": 52.0}, "geometry": {"type": "Polygon", "coordinates": [[[-84.3638553608565, 39.3618718059755], [-84.3614073337602, 39.36168445987907], [-84.35906181081376, 39.359200758089194], [-84.35920003543995, 39.35703814378317], [-84.35900830183208, 39.356248812989286], [-84.3592491319791, 39.35431359501566], [-84.35973961378976, 39.35379636519189], [-84.36010526637007, 39.35380973244412], [-84.36049763040775, 39.35327464865771], [-84.36033710722292, 39.353047182904405], [-84.36034601181882, 39.35258345473656], [-84.35738969237437, 39.352422921597714], [-84.35749222059876, 39.35759994318198], [-84.35558370632353, 39.3575687583836], [-84.35568631791284, 39.35232485035828], [-84.34791854161931, 39.35182093196439], [-84.34656739062248, 39.36650924167495], [-84.35750112562393, 39.36714689150642], [-84.36164807389659, 39.368671888725785], [-84.36306610241037, 39.36718702495818], [-84.36333362843509, 39.36661627440291], [-84.3638553608565, 39.3618718059755]]]}}, {"type": "Feature", "properties": {"name": "Keehner Park", "operator": null, "ndvi_mean_inside": 0.6904705319760195, "amenity_list": null, "amenity_count": null, "fee_status": null, "hours_status": null, "active_passive": null, "inclusiveness_score": null, "chen_quality_score": null}, "geometry": {"type": "Polygon", "coordinates": [[[-84.38719431275192, 39.3339488742876], [-84.38579859527664, 39.33393551602844], [-84.3845054863564, 39.33431004028308], [-84.38374296698876, 39.335242056643175], [-84.38220899734407, 39.33559877741014], [-84.38136176451025, 39.33559879204034], [-84.38099616353985, 39.335505090254856], [-84.3817140512566, 39.33325329667195], [-84.38067065727893, 39.333159649399455], [-84.38034955990979, 39.33330679674669], [-84.37912778606498, 39.33315071308057], [-84.3777499219676, 39.33408268055991], [-84.377027575009, 39.334033612638855], [-84.37692500054172, 39.33635678126578], [-84.38067506794489, 39.33651729874606], [-84.38388121395027, 39.33600450881822], [-84.38721660419085, 39.33480502287559], [-84.38719431275192, 39.3339488742876]]]}}, {"type": "Feature", "properties": {"name": "Artz Park", "operator": null, "ndvi_mean_inside": 0.5688322795744886, "amenity_list": null, "amenity_count": null, "fee_status": null, "hours_status": null, "active_passive": null, "inclusiveness_score": null, "chen_quality_score": null}, "geometry": {"type": "Polygon", "coordinates": [[[-84.74212537967308, 39.50065687444823], [-84.74252664854308, 39.50118745304911], [-84.74254896331321, 39.500661283345686], [-84.74212537967308, 39.50065687444823]]]}}, {"type": "Feature", "properties": {"name": "Barnitz Park", "operator": null, "ndvi_mean_inside": 0.4790891487375968, "amenity_list": null, "amenity_count": null, "fee_status": null, "hours_status": null, "active_passive": null, "inclusiveness_score": null, "chen_quality_score": null}, "geometry": {"type": "Polygon", "coordinates": [[[-84.4169900250797, 39.50256089901518], [-84.41269588977151, 39.502271055238275], [-84.41248629638922, 39.504612055242184], [-84.41558090877876, 39.50481719542866], [-84.41646828251169, 39.50376035937176], [-84.4169900250797, 39.50256089901518]]]}}, {"type": "Feature", "properties": {"name": "Benninghofen Playground", "operator": null, "ndvi_mean_inside": 0.634899014357617, "amenity_list": null, "amenity_count": null, "fee_status": null, "hours_status": null, "active_passive": null, "inclusiveness_score": null, "chen_quality_score": null}, "geometry": {"type": "Polygon", "coordinates": [[[-84.55158797307963, 39.36002128513588], [-84.55149881762307, 39.36096216012352], [-84.55310407465679, 39.36102902228057], [-84.55318435233575, 39.36010153653419], [-84.55158797307963, 39.36002128513588]]]}}, {"type": "Feature", "properties": {"name": "Conrad Formal Gardens", "operator": null, "ndvi_mean_inside": 0.8033658432449287, "amenity_list": null, "amenity_count": null, "fee_status": null, "hours_status": null, "active_passive": null, "inclusiveness_score": null, "chen_quality_score": null}, "geometry": {"type": "Polygon", "coordinates": [[[-84.73050943881333, 39.512544807658], [-84.72849834047865, 39.51253592229193], [-84.7283735064101, 39.51272760516777], [-84.72843145942466, 39.51310215286025], [-84.728181790724, 39.513450014366214], [-84.72821742358406, 39.5140966005851], [-84.72859200570903, 39.51419463920618], [-84.72860093379109, 39.5144934409904], [-84.72948823471789, 39.51479219038874], [-84.73053167855629, 39.5145023113723], [-84.73050943881333, 39.512544807658]]]}}, {"type": "Feature", "properties": {"name": "Douglas Park", "operator": null, "ndvi_mean_inside": 0.563801012192038, "amenity_list": null, "amenity_count": null, "fee_status": null, "hours_status": null, "active_passive": null, "inclusiveness_score": null, "chen_quality_score": null}, "geometry": {"type": "Polygon", "coordinates": [[[-84.41338261344359, 39.49396369538639], [-84.41178625708903, 39.493843363301664], [-84.41132698702282, 39.496121921290374], [-84.41067149902528, 39.49720100612036], [-84.41314184429298, 39.49743289361398], [-84.41338261344359, 39.49396369538639]]]}}, {"type": "Feature", "properties": {"name": "Fairfield Optimist Park", "operator": "Fairfield Optimist Soccer Association", "ndvi_mean_inside": 0.6435601263200839, "amenity_list": null, "amenity_count": null, "fee_status": null, "hours_status": null, "active_passive": null, "inclusiveness_score": null, "chen_quality_score": null}, "geometry": {"type": "Polygon", "coordinates": [[[-84.57551994284353, 39.35568697796179], [-84.56904533226839, 39.35528126478861], [-84.56884916911275, 39.357564275878865], [-84.57362931808186, 39.357827340092186], [-84.57368726703805, 39.357368095523285], [-84.57539509668985, 39.35668586770081], [-84.57551994284353, 39.35568697796179]]]}}, {"type": "Feature", "properties": {"name": "Fordson Heights Playground", "operator": null, "ndvi_mean_inside": 0.6715925512196366, "amenity_list": null, "amenity_count": null, "fee_status": null, "hours_status": null, "active_passive": null, "inclusiveness_score": null, "chen_quality_score": null}, "geometry": {"type": "Polygon", "coordinates": [[[-84.53683284270384, 39.408991064058654], [-84.53627545742059, 39.40912485911363], [-84.53576261665265, 39.4097892871798], [-84.53655187128068, 39.40956634139286], [-84.53677037806696, 39.4093924483916], [-84.53683284270384, 39.408991064058654]]]}}, {"type": "Feature", "properties": {"name": "Inoles Park", "operator": null, "ndvi_mean_inside": 0.5024426991175849, "amenity_list": null, "amenity_count": null, "fee_status": null, "hours_status": null, "active_passive": null, "inclusiveness_score": null, "chen_quality_score": null}, "geometry": {"type": "Polygon", "coordinates": [[[-84.74938030064254, 39.510132404651216], [-84.74932236883699, 39.51053377655054], [-84.74977721560255, 39.51054264276394], [-84.74978606069476, 39.51053375292094], [-84.74938030064254, 39.510132404651216]]]}}, {"type": "Feature", "properties": {"name": "Joyce Park", "operator": "City of Hamilton", "ndvi_mean_inside": 0.7247944684687575, "amenity_list": null, "amenity_count": null, "fee_status": null, "hours_status": null, "active_passive": null, "inclusiveness_score": null, "chen_quality_score": null}, "geometry": {"type": "Polygon", "coordinates": [[[-84.5920631961835, 39.35075526235497], [-84.58062122090844, 39.35009529896925], [-84.58045171034748, 39.35172732357477], [-84.57598367761148, 39.35151774090277], [-84.57560466543235, 39.35562906516653], [-84.57939043989238, 39.35586539143177], [-84.57922548128204, 39.356672431883254], [-84.57854326374995, 39.35736363342522], [-84.57716537724373, 39.35828666846219], [-84.58038481707597, 39.358902049132794], [-84.58335018479357, 39.35735021511347], [-84.5852898791593, 39.35610169795544], [-84.58600334302066, 39.355936736522445], [-84.58981584652186, 39.353622430094575], [-84.59097073544619, 39.35257454844177], [-84.59191609233605, 39.351218957630046], [-84.5920631961835, 39.35075526235497]]]}}, {"type": "Feature", "properties": {"name": "Lindenwald Park", "operator": null, "ndvi_mean_inside": 0.7011192493153806, "amenity_list": null, "amenity_count": null, "fee_status": null, "hours_status": null, "active_passive": null, "inclusiveness_score": null, "chen_quality_score": null}, "geometry": {"type": "Polygon", "coordinates": [[[-84.55413408322954, 39.367829117005265], [-84.55402262378234, 39.368707544771], [-84.55561901609086, 39.36884132760341], [-84.55572159754821, 39.36794954699246], [-84.55413408322954, 39.367829117005265]]]}}, {"type": "Feature", "properties": {"name": "Lions Park", "operator": null, "ndvi_mean_inside": 0.6703580682488215, "amenity_list": null, "amenity_count": null, "fee_status": null, "hours_status": null, "active_passive": null, "inclusiveness_score": null, "chen_quality_score": null}, "geometry": {"type": "Polygon", "coordinates": [[[-84.54860930716991, 39.342483611251446], [-84.5487162990215, 39.34114587757575], [-84.54699065155506, 39.34243453770363], [-84.54929155676616, 39.34258174000537], [-84.54860930716991, 39.342483611251446]]]}}, {"type": "Feature", "properties": {"name": "Miami Park", "operator": null, "ndvi_mean_inside": 0.6431795813337311, "amenity_list": null, "amenity_count": null, "fee_status": null, "hours_status": null, "active_passive": null, "inclusiveness_score": null, "chen_quality_score": null}, "geometry": {"type": "Polygon", "coordinates": [[[-84.38643182820002, 39.51764598946491], [-84.38601261385186, 39.517110884646], [-84.386070588776, 39.51662932780092], [-84.3846436513395, 39.51650004192798], [-84.38454558069714, 39.51776637695945], [-84.38607948948544, 39.51785558463367], [-84.38643182820002, 39.51764598946491]]]}}, {"type": "Feature", "properties": {"name": "Michigan Park", "operator": null, "ndvi_mean_inside": 0.6289159867627339, "amenity_list": null, "amenity_count": null, "fee_status": null, "hours_status": null, "active_passive": null, "inclusiveness_score": null, "chen_quality_score": null}, "geometry": {"type": "Polygon", "coordinates": [[[-84.39956388184314, 39.50050080521304], [-84.3999785102882, 39.50061221156474], [-84.40015688299505, 39.499426090272], [-84.39956388184314, 39.50050080521304]]]}}, {"type": "Feature", "properties": {"name": "Millikin Park", "operator": null, "ndvi_mean_inside": 0.7861294805828157, "amenity_list": null, "amenity_count": null, "fee_status": null, "hours_status": null, "active_passive": null, "inclusiveness_score": null, "chen_quality_score": null}, "geometry": {"type": "Polygon", "coordinates": [[[-84.59901939911654, 39.41026193220612], [-84.59007890080879, 39.40934779579061], [-84.59005660676458, 39.41264758696394], [-84.59249579599015, 39.41258515987685], [-84.59643315263621, 39.41214365965057], [-84.59726704398885, 39.41117606887877], [-84.59817219041327, 39.4109174697256], [-84.5987429630867, 39.41095308703647], [-84.59901939911654, 39.41026193220612]]]}}, {"type": "Feature", "properties": {"name": "Oxford Memorial Park", "operator": null, "ndvi_mean_inside": 0.4159334000890105, "amenity_list": null, "amenity_count": null, "fee_status": null, "hours_status": null, "active_passive": null, "inclusiveness_score": null, "chen_quality_score": null}, "geometry": {"type": "Polygon", "coordinates": [[[-84.74235721539725, 39.5106318627823], [-84.74172849130952, 39.51054269218698], [-84.74171510225646, 39.51087711006585], [-84.74233051727818, 39.51090829425131], [-84.74235721539725, 39.5106318627823]]]}}, {"type": "Feature", "properties": {"name": "Peffer Park", "operator": null, "ndvi_mean_inside": 0.7720219404720957, "amenity_list": null, "amenity_count": null, "fee_status": null, "hours_status": null, "active_passive": null, "inclusiveness_score": null, "chen_quality_score": null}, "geometry": {"type": "Polygon", "coordinates": [[[-84.73231983722334, 39.4984763583361], [-84.73190510544532, 39.49801259271989], [-84.72941242686562, 39.49855662518592], [-84.73029979493369, 39.49968030168949], [-84.73145027602132, 39.499328014881335], [-84.73166429978072, 39.49901592545814], [-84.73233314876438, 39.4990426510532], [-84.73231983722334, 39.4984763583361]]]}}, {"type": "Feature", "properties": {"name": "Whitney Park", "operator": null, "ndvi_mean_inside": 0.5118798984978404, "amenity_list": null, "amenity_count": null, "fee_status": null, "hours_status": null, "active_passive": null, "inclusiveness_score": null, "chen_quality_score": null}, "geometry": {"type": "Polygon", "coordinates": [[[-84.40196286616516, 39.49313878563121], [-84.401757723763, 39.49473964751189], [-84.40244441490114, 39.49477976450773], [-84.40328717582318, 39.49321460617868], [-84.40196286616516, 39.49313878563121]]]}}, {"type": "Feature", "properties": {"name": "Campbell Avenue Park", "operator": null, "ndvi_mean_inside": 0.4565863652432185, "amenity_list": null, "amenity_count": null, "fee_status": null, "hours_status": null, "active_passive": null, "inclusiveness_score": null, "chen_quality_score": null}, "geometry": {"type": "Polygon", "coordinates": [[[-84.55391116412129, 39.39868169529851], [-84.5488723884248, 39.397201247001256], [-84.54878762681314, 39.39736624499062], [-84.55387550338114, 39.39890015940808], [-84.55391116412129, 39.39868169529851]]]}}, {"type": "Feature", "properties": {"name": "Doctor Martin Luther King Junior Park", "operator": null, "ndvi_mean_inside": 0.4252508972679801, "amenity_list": null, "amenity_count": null, "fee_status": null, "hours_status": null, "active_passive": null, "inclusiveness_score": null, "chen_quality_score": null}, "geometry": {"type": "Polygon", "coordinates": [[[-84.74308403701674, 39.51056944135391], [-84.7425311114978, 39.51058280424783], [-84.74246870979566, 39.51088155353033], [-84.74307519088806, 39.510908315635476], [-84.74308403701674, 39.51056944135391]]]}}, {"type": "Feature", "properties": {"name": "Pyramid Hill Sculpture Park", "operator": null, "ndvi_mean_inside": 0.8030513140955801, "amenity_list": null, "amenity_count": null, "fee_status": null, "hours_status": null, "active_passive": null, "inclusiveness_score": null, "chen_quality_score": null}, "geometry": {"type": "Polygon", "coordinates": [[[-84.58984261546654, 39.37276088552824], [-84.5898291910421, 39.371142263569126], [-84.58690403065161, 39.37116902889328], [-84.58681484953577, 39.36976441022096], [-84.57885536168422, 39.37117345436458], [-84.57833810140134, 39.36511803604063], [-84.5776247030256, 39.36515811965541], [-84.57663027849995, 39.36634428558123], [-84.57614872537155, 39.3678202186844], [-84.57606847944906, 39.37173085228529], [-84.57565821643882, 39.375035020130966], [-84.5758767360033, 39.37741173157431], [-84.58238255095576, 39.37726010422158], [-84.58240924341739, 39.374254703364386], [-84.58681484953577, 39.374236842436176], [-84.58677025892635, 39.37281890413482], [-84.58984261546654, 39.37276088552824]]]}}, {"type": "Feature", "properties": {"name": "L. J. Smith Park", "operator": "Hamilton Parks Conservancy", "ndvi_mean_inside": 0.5780072722535317, "amenity_list": null, "amenity_count": null, "fee_status": null, "hours_status": null, "active_passive": null, "inclusiveness_score": null, "chen_quality_score": null}, "geometry": {"type": "Polygon", "coordinates": [[[-84.55289002695663, 39.405619981321244], [-84.55068721681722, 39.404946713538806], [-84.5496349175157, 39.40502699713146], [-84.54662056626955, 39.407434897301705], [-84.5456930236719, 39.40777379419254], [-84.54600074010825, 39.407880754150064], [-84.54825258627744, 39.407720292765966], [-84.54911763665577, 39.40891976266097], [-84.54975526122, 39.40910261558677], [-84.55091910391853, 39.40674813294423], [-84.55227466541041, 39.40709148861748], [-84.55289002695663, 39.405619981321244]]]}}, {"type": "Feature", "properties": {"name": "Jim Grimm Park", "operator": null, "ndvi_mean_inside": 0.7381785718539157, "amenity_list": null, "amenity_count": null, "fee_status": null, "hours_status": null, "active_passive": null, "inclusiveness_score": null, "chen_quality_score": null}, "geometry": {"type": "Polygon", "coordinates": [[[-84.57143544790864, 39.416821259232066], [-84.56808665248666, 39.4167811301219], [-84.56807769951152, 39.41773989266565], [-84.56786818351134, 39.418154569187124], [-84.57127933921767, 39.41956805616184], [-84.57143544790864, 39.416821259232066]]]}}, {"type": "Feature", "properties": {"name": "Booker T. Washington Community Center", "operator": null, "ndvi_mean_inside": 0.5539204288388063, "amenity_list": null, "amenity_count": null, "fee_status": null, "hours_status": null, "active_passive": null, "inclusiveness_score": null, "chen_quality_score": null}, "geometry": {"type": "Polygon", "coordinates": [[[-84.56940656170696, 39.38791295665292], [-84.56925044755637, 39.38760522533165], [-84.56865292535741, 39.3873243047112], [-84.56637884747911, 39.387177155402505], [-84.5662539816513, 39.3886531600649], [-84.56660619532589, 39.38868433722202], [-84.56657054238208, 39.38921496016625], [-84.56880904111574, 39.389357686844654], [-84.56940656170696, 39.38791295665292]]]}}, {"type": "Feature", "properties": {"name": "Neilan & Pershing Park", "operator": null, "ndvi_mean_inside": 0.5565479338471089, "amenity_list": null, "amenity_count": null, "fee_status": null, "hours_status": null, "active_passive": null, "inclusiveness_score": null, "chen_quality_score": null}, "geometry": {"type": "Polygon", "coordinates": [[[-84.56943326014226, 39.39376769114252], [-84.56866187824379, 39.39354926000654], [-84.56841663260668, 39.39397734046634], [-84.56932183006445, 39.394075376999446], [-84.56943326014226, 39.39376769114252]]]}}, {"type": "Feature", "properties": {"name": "Warwick's Rest", "operator": null, "ndvi_mean_inside": 0.6903329972418991, "amenity_list": null, "amenity_count": null, "fee_status": null, "hours_status": null, "active_passive": null, "inclusiveness_score": null, "chen_quality_score": null}, "geometry": {"type": "Polygon", "coordinates": [[[-84.56547360411096, 39.409218513184506], [-84.56517934101718, 39.40863435345941], [-84.5645684265649, 39.40905802217984], [-84.56495638436802, 39.409298748840506], [-84.56547360411096, 39.409218513184506]]]}}, {"type": "Feature", "properties": {"name": "Virginia Avenue Park", "operator": null, "ndvi_mean_inside": 0.7529629894993296, "amenity_list": null, "amenity_count": null, "fee_status": null, "hours_status": null, "active_passive": null, "inclusiveness_score": null, "chen_quality_score": null}, "geometry": {"type": "Polygon", "coordinates": [[[-84.57686214190768, 39.41238445570827], [-84.5760818271351, 39.41173790141984], [-84.57588560784824, 39.41180475385763], [-84.57593915859526, 39.41252269731856], [-84.57676407363019, 39.41253163354015], [-84.57686214190768, 39.41238445570827]]]}}, {"type": "Feature", "properties": {"name": "Sanders Park", "operator": null, "ndvi_mean_inside": 0.8501921300328975, "amenity_list": null, "amenity_count": null, "fee_status": null, "hours_status": null, "active_passive": null, "inclusiveness_score": null, "chen_quality_score": null}, "geometry": {"type": "Polygon", "coordinates": [[[-84.57862798192129, 39.42870923190312], [-84.57799027483367, 39.42883857443027], [-84.57778966619072, 39.428245501062676], [-84.57724114586762, 39.42837930875347], [-84.57656338081908, 39.42766581148512], [-84.57595250631107, 39.42826333641457], [-84.5743472416171, 39.42820533734487], [-84.57274640861709, 39.42693898631508], [-84.57156030258595, 39.42689882988345], [-84.57208649575388, 39.42728233615043], [-84.5715691750912, 39.427893262719635], [-84.57359366945383, 39.428660171896155], [-84.57568051602244, 39.42870475880909], [-84.57571168746905, 39.43206695765093], [-84.5801752656111, 39.43203571165909], [-84.57862798192129, 39.42870923190312]]]}}, {"type": "Feature", "properties": {"name": "Smalley Park", "operator": null, "ndvi_mean_inside": 0.8011195157392225, "amenity_list": null, "amenity_count": null, "fee_status": null, "hours_status": null, "active_passive": null, "inclusiveness_score": null, "chen_quality_score": null}, "geometry": {"type": "Polygon", "coordinates": [[[-84.61431416015705, 39.41163983395379], [-84.61398420181554, 39.41185831307517], [-84.61319488206347, 39.41306671349634], [-84.61255723610671, 39.41373557507817], [-84.61477343091777, 39.41424838243478], [-84.61503205865498, 39.41395850303634], [-84.61478237667723, 39.413829265005134], [-84.61429634836536, 39.413106855671444], [-84.6150945189171, 39.41280360831224], [-84.61431416015705, 39.41163983395379]]]}}, {"type": "Feature", "properties": {"name": "Andrew Tot Lot", "operator": null, "ndvi_mean_inside": 0.6763366956090564, "amenity_list": null, "amenity_count": null, "fee_status": null, "hours_status": null, "active_passive": null, "inclusiveness_score": null, "chen_quality_score": null}, "geometry": {"type": "Polygon", "coordinates": [[[-84.56151391774526, 39.37140090461261], [-84.56134003422817, 39.371146683780196], [-84.56088969348446, 39.37110656846472], [-84.56084508293836, 39.371646146670074], [-84.56176366952708, 39.37170410022025], [-84.56179484845131, 39.371423170022126], [-84.56151391774526, 39.37140090461261]]]}}, {"type": "Feature", "properties": {"name": "Howard Wilson Park", "operator": null, "ndvi_mean_inside": 0.7434069904576665, "amenity_list": null, "amenity_count": null, "fee_status": null, "hours_status": null, "active_passive": null, "inclusiveness_score": null, "chen_quality_score": null}, "geometry": {"type": "Polygon", "coordinates": [[[-84.5316558083834, 39.40694436311119], [-84.53094231637684, 39.40576274492187], [-84.53044294675671, 39.405874175430654], [-84.53100478727077, 39.40737243186706], [-84.5316558083834, 39.40694436311119]]]}}, {"type": "Feature", "properties": {"name": "Symmes Park", "operator": null, "ndvi_mean_inside": 0.6133779431981058, "amenity_list": null, "amenity_count": null, "fee_status": null, "hours_status": null, "active_passive": null, "inclusiveness_score": null, "chen_quality_score": null}, "geometry": {"type": "Polygon", "coordinates": [[[-84.56105022720901, 39.394525767634285], [-84.56061763257816, 39.39539529892629], [-84.56194202873668, 39.39600174885611], [-84.56246375226131, 39.394944935422174], [-84.56105022720901, 39.394525767634285]]]}}, {"type": "Feature", "properties": {"name": "Bailey Square", "operator": null, "ndvi_mean_inside": 0.3630890695676814, "amenity_list": null, "amenity_count": null, "fee_status": null, "hours_status": null, "active_passive": null, "inclusiveness_score": null, "chen_quality_score": null}, "geometry": {"type": "Polygon", "coordinates": [[[-84.56492065046902, 39.3921847782804], [-84.56476460419148, 39.392189245484715], [-84.56475573064567, 39.392862547479226], [-84.56488051975535, 39.392844715168636], [-84.56492065046902, 39.3921847782804]]]}}, {"type": "Feature", "properties": {"name": "Marcum Park", "operator": null, "ndvi_mean_inside": 0.5445665856339278, "amenity_list": null, "amenity_count": null, "fee_status": null, "hours_status": null, "active_passive": null, "inclusiveness_score": null, "chen_quality_score": null}, "geometry": {"type": "Polygon", "coordinates": [[[-84.56303447693125, 39.40252094445133], [-84.56094317812627, 39.40185651424019], [-84.56038578419376, 39.40300700634445], [-84.56186624013009, 39.40350195234636], [-84.56139351845509, 39.404540955495236], [-84.56303447693125, 39.40252094445133]]]}}, {"type": "Feature", "properties": {"name": "Jefferson Park", "operator": "Hamilton Ohio Parks", "ndvi_mean_inside": 0.5313161449845869, "amenity_list": null, "amenity_count": null, "fee_status": null, "hours_status": null, "active_passive": null, "inclusiveness_score": null, "chen_quality_score": null}, "geometry": {"type": "Polygon", "coordinates": [[[-84.55313525823053, 39.38430104563142], [-84.55312190526638, 39.384421474139295], [-84.55256003853874, 39.384385813287146], [-84.55251550155275, 39.38480942473786], [-84.55367481136346, 39.38488516784533], [-84.55374621302529, 39.38433671198078], [-84.55313525823053, 39.38430104563142]]]}}, {"type": "Feature", "properties": {"name": "Dudley Memorial Park", "operator": "Liberty Township", "ndvi_mean_inside": 0.7672135292226309, "amenity_list": null, "amenity_count": null, "fee_status": null, "hours_status": null, "active_passive": null, "inclusiveness_score": null, "chen_quality_score": null}, "geometry": {"type": "Polygon", "coordinates": [[[-84.3851877279386, 39.40736350588899], [-84.38284667936739, 39.40722079833221], [-84.38295365402055, 39.40626657389801], [-84.38146433125361, 39.406239802448134], [-84.38166056282866, 39.404612246913494], [-84.38051010881313, 39.40453647258918], [-84.38026038370654, 39.40710932064242], [-84.38164717066593, 39.40719405818798], [-84.38162936790599, 39.40733231336914], [-84.38519662878149, 39.40753300042173], [-84.3851877279386, 39.40736350588899]]]}}, {"type": "Feature", "properties": {"name": "Monroe Bicentennial Commons Park", "operator": "City of Monroe, OH", "ndvi_mean_inside": 0.5750011337805984, "amenity_list": "Walk/Run/Bike Trails, Geocaching, River Center, AK Pavilion, Scenic Overlook, Brick Walkways", "amenity_count": 8.0, "fee_status": "Free", "hours_status": "Day Use", "active_passive": "Mixed", "inclusiveness_score": 4.0, "chen_quality_score": 32.0}, "geometry": {"type": "Polygon", "coordinates": [[[-84.43625334532669, 39.44363834448365], [-84.4354551229457, 39.44256812596347], [-84.43511181107284, 39.44174761975769], [-84.43453654886754, 39.441885871118245], [-84.43279310137399, 39.4428891780422], [-84.43196815062186, 39.44388359368139], [-84.43166936751996, 39.444614837628635], [-84.43156232123282, 39.4456493866455], [-84.43226244528161, 39.449163175649], [-84.43300262227498, 39.44923449428176], [-84.43387218610815, 39.44607298025061], [-84.4349378709649, 39.44459703888487], [-84.43625334532669, 39.44363834448365]]]}}, {"type": "Feature", "properties": {"name": "Mt Pleasant Light Walking Trails", "operator": null, "ndvi_mean_inside": 0.7895063616314675, "amenity_list": null, "amenity_count": null, "fee_status": null, "hours_status": null, "active_passive": null, "inclusiveness_score": null, "chen_quality_score": null}, "geometry": {"type": "Polygon", "coordinates": [[[-84.37045482944964, 39.44794581271973], [-84.36882281811766, 39.44793240532065], [-84.36880051971914, 39.44709860918318], [-84.36842593744747, 39.44725913027843], [-84.36834123500223, 39.44824456919883], [-84.37048603028781, 39.44827577465461], [-84.37045482944964, 39.44794581271973]]]}}, {"type": "Feature", "properties": {"name": "Leonard Howell Park", "operator": null, "ndvi_mean_inside": 0.7366589772328742, "amenity_list": null, "amenity_count": null, "fee_status": null, "hours_status": null, "active_passive": null, "inclusiveness_score": null, "chen_quality_score": null}, "geometry": {"type": "Polygon", "coordinates": [[[-84.72976922509326, 39.52065141285897], [-84.72934554687897, 39.51959017599805], [-84.7275663830217, 39.52022785650971], [-84.72751289325754, 39.521717180930594], [-84.72823974393253, 39.52159230624995], [-84.72830662521035, 39.522354813352536], [-84.73097758756587, 39.52231024992842], [-84.72976922509326, 39.52065141285897]]]}}, {"type": "Feature", "properties": {"name": "Chrisholm Historic Farmstead", "operator": null, "ndvi_mean_inside": 0.2903317108234027, "amenity_list": "Historic Farmstead, Barn, Nature Playscape, Hiking Trails, Picnic Shelter, Fire Pits, Grills", "amenity_count": 11.0, "fee_status": "Free", "hours_status": "Day Use", "active_passive": "Mixed", "inclusiveness_score": 4.0, "chen_quality_score": 44.0}, "geometry": {"type": "Polygon", "coordinates": [[[-84.46210721098525, 39.443758737847546], [-84.46198676635528, 39.44368289485078], [-84.46176381500315, 39.44386127979177], [-84.46187529078539, 39.443941501661236], [-84.46210721098525, 39.443758737847546]]]}}, {"type": "Feature", "properties": {"name": "William Harbin Park", "operator": null, "ndvi_mean_inside": 0.7915915566910955, "amenity_list": null, "amenity_count": null, "fee_status": null, "hours_status": null, "active_passive": null, "inclusiveness_score": null, "chen_quality_score": null}, "geometry": {"type": "Polygon", "coordinates": [[[-84.57871269996882, 39.32063847179153], [-84.57931467407731, 39.31324527853017], [-84.57771829410373, 39.312942047379806], [-84.57146222534287, 39.313316608941776], [-84.57132394174367, 39.315140424678205], [-84.57014675928387, 39.315104765892954], [-84.57003085423939, 39.3166609858736], [-84.57104745348956, 39.31686608939199], [-84.57099845442184, 39.3174011266089], [-84.57270180718486, 39.31769102212962], [-84.57242092927693, 39.32276992116352], [-84.57458359013955, 39.32286352645256], [-84.57584548471881, 39.3262480510756], [-84.57828910849314, 39.32523138451599], [-84.57889108699999, 39.323813380487906], [-84.57951088175955, 39.32172199922477], [-84.57871269996882, 39.32063847179153]]]}}, {"type": "Feature", "properties": {"name": "Trammel Fossil Park", "operator": null, "ndvi_mean_inside": 0.5675716488044789, "amenity_list": null, "amenity_count": null, "fee_status": null, "hours_status": null, "active_passive": null, "inclusiveness_score": null, "chen_quality_score": null}, "geometry": {"type": "Polygon", "coordinates": [[[-84.40650219018852, 39.297201411085325], [-84.40527598920183, 39.296051008418694], [-84.4035190872727, 39.29601086165116], [-84.40353247445947, 39.29658609504104], [-84.40417898377305, 39.297250473450795], [-84.40469177723975, 39.29715681706713], [-84.40581995521974, 39.29749570797728], [-84.40650219018852, 39.297201411085325]]]}}]}