{"type": "FeatureCollection", "features": [{"type": "Feature", "properties": {"GEOID": "39017010909", "NAME": "109.09", "dist_to_park_miles": 0.734785567800686, "TotalPopulation": 5165, "LPA_CrudePrev": 31.4, "OBESITY_CrudePrev": 40.8, "MHLTH_CrudePrev": 17.3, "greenness_relative": -0.012646370330119894}, "geometry": {"type": "Polygon", "coordinates": [[[-84.50502446979615, 39.3224565528915], [-84.50369346969529, 39.32639355370169], [-84.50291546979781, 39.330837554583226], [-84.5024834700509, 39.33590755556816], [-84.50286447016586, 39.33592355555387], [-84.5024634706037, 39.34331955698005], [-84.49700546886974, 39.341936556964896], [-84.49652546919559, 39.34815855817108], [-84.49529346890016, 39.349119558409996], [-84.49125746762677, 39.348215558421415], [-84.49123346765911, 39.34873955852223], [-84.49115346781208, 39.35108455897222], [-84.49222246813152, 39.351087558924185], [-84.49224446820041, 39.351913559080394], [-84.50124347079101, 39.3506325584274], [-84.50321947212359, 39.36047156020978], [-84.50354947226248, 39.36100556029637], [-84.50343447234863, 39.36260156060526], [-84.49940547108295, 39.36177356063103], [-84.48574446709551, 39.362997561485294], [-84.47995246528885, 39.36198056155514], [-84.48044746435698, 39.347664558807864], [-84.48077046442037, 39.34722555870961], [-84.48174746399161, 39.337664556844935], [-84.4828324630999, 39.321519553720954], [-84.4823974629731, 39.32156055374851], [-84.48273146266679, 39.316164552705445], [-84.48348646271266, 39.31377755221643], [-84.48457746212375, 39.301613549849165], [-84.4940524650879, 39.303416549762765], [-84.50273446783703, 39.30550954976743], [-84.50257546794249, 39.307542550161976], [-84.50405846839836, 39.30771755012799], [-84.50469346865148, 39.30856255026013], [-84.50387346929409, 39.32035255254309], [-84.50502446979615, 39.3224565528915]]]}}, {"type": "Feature", "properties": {"GEOID": "39017011110", "NAME": "111.10", "dist_to_park_miles": 0.7847757820893283, "TotalPopulation": 5373, "LPA_CrudePrev": 22.1, "OBESITY_CrudePrev": 35.5, "MHLTH_CrudePrev": 14.3, "greenness_relative": 0.008756761272970204}, "geometry": {"type": "Polygon", "coordinates": [[[-84.40697144007319, 39.316608556225674], [-84.40268443900746, 39.31947255696586], [-84.39885243813123, 39.323050557821496], [-84.39588443759168, 39.327674558837344], [-84.39514743735788, 39.327493558836245], [-84.39346543702082, 39.32969755933252], [-84.39242543693715, 39.332720559955796], [-84.39164343676005, 39.333473560134735], [-84.38384643462147, 39.33602156097363], [-84.38071143372265, 39.336528561212276], [-84.37716343264765, 39.33633356133586], [-84.37667043278528, 39.34012656208107], [-84.36635342955789, 39.338212562183635], [-84.36803042873862, 39.32062155875415], [-84.36693242834065, 39.31969055862633], [-84.37987843155088, 39.31091255636647], [-84.38941443452924, 39.31263255626276], [-84.39953943756495, 39.3127735558312], [-84.39975143764623, 39.313012555867154], [-84.39954643781172, 39.316033556452425], [-84.40556543960773, 39.316003556174046], [-84.40647443989117, 39.31616155616299], [-84.40697144007319, 39.316608556225674]]]}}, {"type": "Feature", "properties": {"GEOID": "39017001300", "NAME": "13", "dist_to_park_miles": 1.4306147888920708, "TotalPopulation": 4443, "LPA_CrudePrev": 31.4, "OBESITY_CrudePrev": 41.5, "MHLTH_CrudePrev": 18.4, "greenness_relative": -0.011392773843899806}, "geometry": {"type": "Polygon", "coordinates": [[[-84.6088975071273, 39.406097564063245], [-84.59389950265482, 39.40615156475879], [-84.58713850069925, 39.406976565224305], [-84.58712850058622, 39.40552656494937], [-84.58687250048733, 39.40523056490485], [-84.58216149907577, 39.40516156510692], [-84.57655949711469, 39.401355564639786], [-84.57699749720646, 39.40084156452215], [-84.57562249672289, 39.399877564401805], [-84.574505496333, 39.399133564311484], [-84.5739794962112, 39.39959756442363], [-84.57292749584312, 39.398885564336396], [-84.57641349664918, 39.39579156358949], [-84.57147849508091, 39.394537563576485], [-84.57178649495971, 39.39172556302816], [-84.60869150596095, 39.39154056130816], [-84.6088975071273, 39.406097564063245]]]}}, {"type": "Feature", "properties": {"GEOID": "39017011112", "NAME": "111.12", "dist_to_park_miles": 0.44659928589399056, "TotalPopulation": 6670, "LPA_CrudePrev": 20.0, "OBESITY_CrudePrev": 34.7, "MHLTH_CrudePrev": 13.5, "greenness_relative": 0.033778744263602944}, "geometry": {"type": "Polygon", "coordinates": [[[-84.47995246528885, 39.36198056155514], [-84.4786384658574, 39.37471156403721], [-84.42498044964478, 39.372306566018565], [-84.4209594473418, 39.35768956341831], [-84.42345944808868, 39.35768856330467], [-84.44183645380251, 39.36064956303397], [-84.46001945938679, 39.36266856259218], [-84.47395846341503, 39.36087356161699], [-84.47995246528885, 39.36198056155514]]]}}, {"type": "Feature", "properties": {"GEOID": "39017012200", "NAME": "122", "dist_to_park_miles": 0.5653905679912569, "TotalPopulation": 3462, "LPA_CrudePrev": 36.7, "OBESITY_CrudePrev": 45.8, "MHLTH_CrudePrev": 22.4, "greenness_relative": 0.02744430170314527}, "geometry": {"type": "Polygon", "coordinates": [[[-84.41291445725217, 39.520352594698345], [-84.41228845713067, 39.5212165948908], [-84.41174745721608, 39.52446459553154], [-84.4125474577752, 39.52866459629154], [-84.41114745769147, 39.533064597189856], [-84.40664745661172, 39.53656459805907], [-84.4006474548317, 39.536764598371], [-84.39644745365113, 39.53776459875244], [-84.39154745216202, 39.537464598919286], [-84.38923545149294, 39.537763599081536], [-84.38397145007706, 39.539856599718775], [-84.38018144889708, 39.53925559977782], [-84.37748844815195, 39.54005460005226], [-84.37570244798295, 39.54485460104404], [-84.37251244721853, 39.54735360166353], [-84.3667314453732, 39.54584360164108], [-84.36474044462551, 39.54385060135398], [-84.364309444494, 39.54381760136741], [-84.3627394439309, 39.54259360120689], [-84.36144644351128, 39.54216560118472], [-84.35864844271329, 39.542684601410826], [-84.35386844141789, 39.54446360196633], [-84.34720643949635, 39.54541960245157], [-84.34871943983308, 39.543892602092924], [-84.35830144244481, 39.5405216010164], [-84.36589044442125, 39.53664459993477], [-84.37854244751375, 39.52752459762755], [-84.38055844804971, 39.52663959736766], [-84.38614844960436, 39.525087596818196], [-84.38392744858977, 39.52048659604666], [-84.38468544879127, 39.52015359594889], [-84.38614044920214, 39.51983159582143], [-84.39705045252633, 39.520618595472925], [-84.39903745317919, 39.52138559552775], [-84.39887445314784, 39.52161459557861], [-84.40134745385346, 39.52116459538039], [-84.40375545453131, 39.52060459516425], [-84.40818445544257, 39.515166593930495], [-84.40973445597136, 39.51602259402215], [-84.41014445614653, 39.51671259413433], [-84.41005445617104, 39.51738859426668], [-84.40904845599967, 39.51909159463564], [-84.41291445725217, 39.520352594698345]]]}}, {"type": "Feature", "properties": {"GEOID": "39017012400", "NAME": "124", "dist_to_park_miles": 1.263982992312338, "TotalPopulation": 2439, "LPA_CrudePrev": 28.8, "OBESITY_CrudePrev": 37.5, "MHLTH_CrudePrev": 15.1, "greenness_relative": 0.0642901705553236}, "geometry": {"type": "Polygon", "coordinates": [[[-84.36123044276015, 39.53314359948324], [-84.36060244262693, 39.533863599648484], [-84.35875644202451, 39.53320759960824], [-84.34973043928204, 39.53267059991797], [-84.34964043948989, 39.53575760050775], [-84.34934343945451, 39.53646160065484], [-84.35127844011399, 39.53751660076673], [-84.35341144076897, 39.537733600710624], [-84.35377344098168, 39.53910560095438], [-84.35219644059205, 39.54018860123172], [-84.35206444064148, 39.541357601459495], [-84.34963044004378, 39.543077601896776], [-84.34720643949635, 39.54541960245157], [-84.3316864351392, 39.54922060388041], [-84.33209343511055, 39.547242603486644], [-84.33415643402711, 39.52486859914738], [-84.35188743939796, 39.52570359849769], [-84.35649544089782, 39.527290598588735], [-84.3598674419345, 39.527651598503454], [-84.35984744196212, 39.528093598588256], [-84.36100644232405, 39.52829159857294], [-84.3604204424278, 39.53196159929594], [-84.36123044276015, 39.53314359948324]]]}}, {"type": "Feature", "properties": {"GEOID": "39017012500", "NAME": "125", "dist_to_park_miles": 1.111598296691007, "TotalPopulation": 5024, "LPA_CrudePrev": 24.7, "OBESITY_CrudePrev": 37.3, "MHLTH_CrudePrev": 15.5, "greenness_relative": -0.015300455219308673}, "geometry": {"type": "Polygon", "coordinates": [[[-84.3553554387643, 39.503698594163026], [-84.35407043951092, 39.51859259704873], [-84.35348743949075, 39.52062359746074], [-84.35165043921118, 39.5241795982193], [-84.35133043922835, 39.52566559851589], [-84.33415643402711, 39.52486859914738], [-84.33669643264227, 39.496608593666444], [-84.34765643637566, 39.50258359430201], [-84.35042843726164, 39.50332659431682], [-84.3553554387643, 39.503698594163026]]]}}, {"type": "Feature", "properties": {"GEOID": "39017010800", "NAME": "108", "dist_to_park_miles": 0.8339965466622712, "TotalPopulation": 6672, "LPA_CrudePrev": 23.2, "OBESITY_CrudePrev": 36.7, "MHLTH_CrudePrev": 15.6, "greenness_relative": 0.011863519191834704}, "geometry": {"type": "Polygon", "coordinates": [[[-84.70367953098251, 39.34788654867499], [-84.70324553095847, 39.349275548958715], [-84.70331953416141, 39.39115855690804], [-84.65930152102985, 39.391122558915605], [-84.65530151986438, 39.39148855916804], [-84.63853751484969, 39.39131355990128], [-84.63930451488868, 39.3888125593913], [-84.63923351382593, 39.37508555678732], [-84.6384105134021, 39.372734556378276], [-84.63520351214522, 39.368775555772594], [-84.62550450968207, 39.37445355729433], [-84.62428650934307, 39.37477555741111], [-84.61857050766942, 39.375195557751944], [-84.6134695060518, 39.37393455774522], [-84.6125865058075, 39.3741875578336], [-84.61146150555258, 39.37525355808752], [-84.60713250433807, 39.37627255847874], [-84.60088450243076, 39.37570755865657], [-84.59525350065402, 39.374436558672016], [-84.58995149921239, 39.37629355926684], [-84.5898444985778, 39.3683355577592], [-84.590285498303, 39.36296655671847], [-84.59032349777877, 39.35588855537105], [-84.59075049778328, 39.3542635550426], [-84.59055049769334, 39.35386355497566], [-84.59209849791257, 39.35065455429489], [-84.59237649799542, 39.35065355428202], [-84.59345049818053, 39.348863553892684], [-84.59185049734778, 39.34416355307176], [-84.59222349741107, 39.343528552934], [-84.59259149732127, 39.34088755241493], [-84.60247350002471, 39.33764755134832], [-84.61116550263127, 39.33782555098597], [-84.61145050240279, 39.33367855018424], [-84.61004150160038, 39.32862154928652], [-84.61026950149915, 39.32638154885], [-84.60981250111769, 39.32313554825326], [-84.60921850085076, 39.321947548054304], [-84.60716150005422, 39.31952454768699], [-84.60663949977733, 39.317919547405374], [-84.60790650010054, 39.317194547209695], [-84.61156850116748, 39.316858546978956], [-84.61321650169883, 39.317385547004164], [-84.61731650314216, 39.32030454737274], [-84.61841550350105, 39.32071654740106], [-84.62104950429357, 39.32080754729836], [-84.62572150559019, 39.31952554684154], [-84.62884750638237, 39.31767054634618], [-84.63040050674032, 39.316277546010376], [-84.6305655067226, 39.3153915458343], [-84.62971250637327, 39.31413454563401], [-84.63019550640384, 39.31263154532602], [-84.63081750654628, 39.31206154518923], [-84.63729550834164, 39.31025454455022], [-84.63903550880177, 39.3094765443229], [-84.63982950899042, 39.308839544165494], [-84.64181850929751, 39.30505154335408], [-84.65435151301268, 39.304763542728075], [-84.70328452759864, 39.30475554049462], [-84.70333653003762, 39.336770546578535], [-84.70302953048726, 39.34391054794929], [-84.70367953098251, 39.34788654867499]]]}}, {"type": "Feature", "properties": {"GEOID": "39017015100", "NAME": "151", "dist_to_park_miles": 0.3664333345942375, "TotalPopulation": 7389, "LPA_CrudePrev": 28.3, "OBESITY_CrudePrev": 40.7, "MHLTH_CrudePrev": 20.8, "greenness_relative": 0.07076786575547345}, "geometry": {"type": "Polygon", "coordinates": [[[-84.48977047719751, 39.48044658361806], [-84.44486246383612, 39.48128458582737], [-84.44211046305048, 39.481774586045944], [-84.44123446259522, 39.47922958560281], [-84.43868946166904, 39.47705458530606], [-84.43722346117806, 39.47636158524135], [-84.43585446075073, 39.47612458525881], [-84.43347646005385, 39.47631158540276], [-84.43080445929348, 39.47681958562107], [-84.42781245847583, 39.4778345859502], [-84.42575545783825, 39.47753858598781], [-84.42506545758143, 39.476873585893], [-84.42499245742665, 39.47512258556387], [-84.42558045743922, 39.47297158512867], [-84.42565845722349, 39.46982158452697], [-84.42614445720643, 39.467681584098436], [-84.42697945731975, 39.465884583719124], [-84.42960445784536, 39.46246658295036], [-84.43033645769395, 39.457584581989785], [-84.43264045797844, 39.45225158087178], [-84.43392245797249, 39.447116579837854], [-84.43485745810196, 39.44513657941909], [-84.4355474582497, 39.444364579241025], [-84.43654745851076, 39.443864579100456], [-84.44038045972246, 39.44473357909094], [-84.44279646045993, 39.44493457901903], [-84.44643146148825, 39.44416557870729], [-84.44835546196687, 39.442892578377794], [-84.45173846263194, 39.43832557735598], [-84.4528724628951, 39.43732557711433], [-84.457437464129, 39.435603576579155], [-84.47115546793435, 39.431718575215875], [-84.47359846852807, 39.429919574762735], [-84.47590946917066, 39.42928657453715], [-84.47614946930574, 39.43012257468504], [-84.47632047061842, 39.44675957783745], [-84.47733147283367, 39.471952582574275], [-84.48641047508096, 39.465816580995174], [-84.48675247578814, 39.47377558249008], [-84.48963547666473, 39.47397158239563], [-84.48977047719751, 39.48044658361806]]]}}, {"type": "Feature", "properties": {"GEOID": "39017000200", "NAME": "2", "dist_to_park_miles": 1.3168769436193695, "TotalPopulation": 4253, "LPA_CrudePrev": 36.6, "OBESITY_CrudePrev": 45.6, "MHLTH_CrudePrev": 21.7, "greenness_relative": 0.06067313176334421}, "geometry": {"type": "Polygon", "coordinates": [[[-84.59206249790824, 39.350739554312696], [-84.5910294977365, 39.35254455470303], [-84.58788349699108, 39.35510055533246], [-84.58178149539795, 39.35811255618335], [-84.5777654943879, 39.360604556840265], [-84.57520649403659, 39.3660555579933], [-84.57191249331868, 39.36956055880983], [-84.56996649293544, 39.372171559394914], [-84.56864449254273, 39.37219655945992], [-84.56831249246605, 39.37249255953135], [-84.56374449108587, 39.372272559697784], [-84.56409849129871, 39.373688559950835], [-84.55729348924214, 39.37335556019775], [-84.55700448950837, 39.37801356109642], [-84.55548248939388, 39.382503562019295], [-84.55541048946108, 39.38367456224513], [-84.55575548964418, 39.38473256243051], [-84.55546848954215, 39.38451656240255], [-84.54961948657676, 39.36840455960612], [-84.54800848584568, 39.365096559050485], [-84.55277948728934, 39.36535355888199], [-84.55289748720706, 39.363799558581086], [-84.56270949017122, 39.36426655822279], [-84.56259749007876, 39.36348555807939], [-84.56318249025531, 39.3635115580577], [-84.56356549049043, 39.36510855834389], [-84.56426449069801, 39.36509455830936], [-84.56388849046796, 39.36353655803026], [-84.56721349147332, 39.36370755791125], [-84.5674394912716, 39.360148557224186], [-84.56903949175556, 39.36023355716743], [-84.56929449164336, 39.35774355668234], [-84.57305649280957, 39.35831755662004], [-84.5730924927859, 39.35786255653186], [-84.57359249293748, 39.357893556514966], [-84.57365149291098, 39.35731055640142], [-84.57556249342565, 39.35657455617437], [-84.57536949352387, 39.3586345565749], [-84.57646649389805, 39.359253556642585], [-84.57891549436869, 39.35581255587664], [-84.57564549337913, 39.35563155599125], [-84.57602849317958, 39.351480555184395], [-84.580554494548, 39.35171555502284], [-84.58066949445751, 39.35006455470359], [-84.59206249790824, 39.350739554312696]]]}}, {"type": "Feature", "properties": {"GEOID": "39017011129", "NAME": "111.29", "dist_to_park_miles": 0.6684922440619834, "TotalPopulation": 4396, "LPA_CrudePrev": 22.7, "OBESITY_CrudePrev": 37.0, "MHLTH_CrudePrev": 14.7, "greenness_relative": 0.010119160246365166}, "geometry": {"type": "Polygon", "coordinates": [[[-84.46138745895036, 39.35145956039634], [-84.46070445944397, 39.36071356218894], [-84.46018945943771, 39.36267056258484], [-84.44183645380251, 39.36064956303397], [-84.42345944808868, 39.35768856330467], [-84.4209594473418, 39.35768956341831], [-84.41842244589067, 39.34848456178045], [-84.41660344506634, 39.34475256115212], [-84.42259744685708, 39.34475056087981], [-84.42648944798567, 39.344295560616544], [-84.43216744980012, 39.345864560657745], [-84.43721045134325, 39.346349560521226], [-84.4390764519475, 39.34697156055498], [-84.43988445223482, 39.34758156063446], [-84.44131245290042, 39.35075456117383], [-84.44221145314775, 39.35047256107933], [-84.44327245353453, 39.35139956120766], [-84.4446774538811, 39.35042856095897], [-84.44642845440877, 39.350489560891084], [-84.44627945455233, 39.352985561373096], [-84.44772245498994, 39.35307256132414], [-84.44881145528792, 39.352709561205565], [-84.45116945585256, 39.350854560745276], [-84.46138745895036, 39.35145956039634]]]}}, {"type": "Feature", "properties": {"GEOID": "39017011130", "NAME": "111.30", "dist_to_park_miles": 1.2290713034249783, "TotalPopulation": 5398, "LPA_CrudePrev": 24.8, "OBESITY_CrudePrev": 37.2, "MHLTH_CrudePrev": 14.9, "greenness_relative": -0.014067000242506511}, "geometry": {"type": "Polygon", "coordinates": [[[-84.39101543389036, 39.297734553349066], [-84.38511743282598, 39.30704155539112], [-84.37987843155088, 39.31091255636647], [-84.36904942816643, 39.3089315564787], [-84.35197642291261, 39.30690855686506], [-84.35321342218789, 39.29229455402076], [-84.37070442757182, 39.29439655363109], [-84.39101543389036, 39.297734553349066]]]}}, {"type": "Feature", "properties": {"GEOID": "39017014600", "NAME": "146", "dist_to_park_miles": 0.9323169126947239, "TotalPopulation": 1178, "LPA_CrudePrev": 34.9, "OBESITY_CrudePrev": 44.9, "MHLTH_CrudePrev": 21.4, "greenness_relative": 0.016600905507506314}, "geometry": {"type": "Polygon", "coordinates": [[[-84.5686084945627, 39.39900356455592], [-84.56345049339883, 39.40396356573359], [-84.55896849249157, 39.40964556701749], [-84.55647749194841, 39.41229056763359], [-84.5557504916762, 39.411563567528674], [-84.55292749076173, 39.4106205674784], [-84.55125049022632, 39.41016356746812], [-84.55102249018401, 39.410503567543124], [-84.54591048853146, 39.40884156746069], [-84.5406454869483, 39.408697567673556], [-84.54629148854137, 39.40747156718304], [-84.54988248942102, 39.40493056653646], [-84.5508624897141, 39.40493656649288], [-84.55356849058289, 39.40573856652178], [-84.55685549108641, 39.39943456517415], [-84.55712649108449, 39.3983415649541], [-84.55739349117064, 39.39842656495808], [-84.55903449142278, 39.395288564286986], [-84.56652849383443, 39.39758856438203], [-84.5686084945627, 39.39900356455592]]]}}, {"type": "Feature", "properties": {"GEOID": "39017010500", "NAME": "105", "dist_to_park_miles": 0.7693744526838842, "TotalPopulation": 2336, "LPA_CrudePrev": 36.8, "OBESITY_CrudePrev": 44.5, "MHLTH_CrudePrev": 22.2, "greenness_relative": 0.020125335974327085}, "geometry": {"type": "Polygon", "coordinates": [[[-84.55285049148941, 39.420514569361046], [-84.55216349145616, 39.422779569822545], [-84.55225149249911, 39.4361675723604], [-84.54315048978822, 39.436263572794346], [-84.54295048978166, 39.43696357293637], [-84.53935048880513, 39.43826357334759], [-84.52785048534727, 39.43796357381577], [-84.52834748528451, 39.43518157326485], [-84.5284504850786, 39.432063572668085], [-84.53370348613669, 39.425331571149904], [-84.5367094869489, 39.42420357079846], [-84.53909948767016, 39.424301570707996], [-84.5421454886714, 39.425507570797954], [-84.5439334892294, 39.42582357077634], [-84.54427548971127, 39.43082557171053], [-84.54484148983072, 39.430172571560675], [-84.54633948991733, 39.42542057058997], [-84.54749449011967, 39.423541570180404], [-84.55075749089518, 39.42092056953372], [-84.55204749124556, 39.420461569387626], [-84.55285049148941, 39.420514569361046]]]}}, {"type": "Feature", "properties": {"GEOID": "39017010903", "NAME": "109.03", "dist_to_park_miles": 1.2250813341367306, "TotalPopulation": 5563, "LPA_CrudePrev": 27.2, "OBESITY_CrudePrev": 39.2, "MHLTH_CrudePrev": 16.6, "greenness_relative": 0.028384557704634328}, "geometry": {"type": "Polygon", "coordinates": [[[-84.56235148582321, 39.30808654754932], [-84.56133348648189, 39.3208535500262], [-84.56122748690018, 39.3268185511664], [-84.55887148661564, 39.33236555232926], [-84.56012848739647, 39.33774055329483], [-84.55248948507581, 39.337199553539634], [-84.54922948415839, 39.337935553828046], [-84.54636248323, 39.33697255377526], [-84.542783482141, 39.3366975538858], [-84.53971148125788, 39.337145554110855], [-84.54239547973113, 39.306263548109456], [-84.56235148582321, 39.30808654754932]]]}}, {"type": "Feature", "properties": {"GEOID": "39017010904", "NAME": "109.04", "dist_to_park_miles": 1.3468962029695455, "TotalPopulation": 3812, "LPA_CrudePrev": 29.0, "OBESITY_CrudePrev": 39.5, "MHLTH_CrudePrev": 17.3, "greenness_relative": -0.0031998017810278556}, "geometry": {"type": "Polygon", "coordinates": [[[-84.56012848740778, 39.3378905533234], [-84.55879948812768, 39.35267255619603], [-84.55158848593348, 39.35211855641907], [-84.55147448600906, 39.35356955670026], [-84.54401048373741, 39.3529915569302], [-84.54381748396324, 39.356743557652706], [-84.54220548347215, 39.35661255770119], [-84.54244148306853, 39.35033655649656], [-84.54177948271669, 39.3482945561382], [-84.53722048093503, 39.3427205552851], [-84.53406747975238, 39.339520554819615], [-84.53971148125788, 39.337145554110855], [-84.542214481972, 39.33670855391377], [-84.54636248323, 39.33697255377526], [-84.54922948415839, 39.337935553828046], [-84.55248948507581, 39.337199553539634], [-84.56012848740778, 39.3378905533234]]]}}, {"type": "Feature", "properties": {"GEOID": "39017010907", "NAME": "109.07", "dist_to_park_miles": 1.5256006446134156, "TotalPopulation": 2704, "LPA_CrudePrev": 29.9, "OBESITY_CrudePrev": 38.9, "MHLTH_CrudePrev": 16.9, "greenness_relative": 0.028651484651133874}, "geometry": {"type": "Polygon", "coordinates": [[[-84.54239147973182, 39.306288548114395], [-84.54112548044827, 39.32081355093776], [-84.53050547719332, 39.31968155120507], [-84.52239047466922, 39.318328551316284], [-84.52368947392439, 39.303285548392154], [-84.54239147973182, 39.306288548114395]]]}}, {"type": "Feature", "properties": {"GEOID": "39017011118", "NAME": "111.18", "dist_to_park_miles": 0.7870083878355234, "TotalPopulation": 3487, "LPA_CrudePrev": 22.6, "OBESITY_CrudePrev": 35.2, "MHLTH_CrudePrev": 13.8, "greenness_relative": 0.015931893820599896}, "geometry": {"type": "Polygon", "coordinates": [[[-84.36563243167346, 39.36921756812368], [-84.36319643259928, 39.39118157241631], [-84.36185143255545, 39.39593557338227], [-84.36001243229919, 39.39983057420708], [-84.35205743091568, 39.4130285770798], [-84.34140942768583, 39.412430577449335], [-84.3465244257557, 39.366494568471104], [-84.35750142908655, 39.36714456809745], [-84.36235843067463, 39.36895156822145], [-84.36563243167346, 39.36921756812368]]]}}, {"type": "Feature", "properties": {"GEOID": "39017010302", "NAME": "103.02", "dist_to_park_miles": 1.5308554232785598, "TotalPopulation": 3523, "LPA_CrudePrev": 31.0, "OBESITY_CrudePrev": 41.2, "MHLTH_CrudePrev": 18.2, "greenness_relative": 0.016613872844557953}, "geometry": {"type": "Polygon", "coordinates": [[[-84.70304154756626, 39.56747459031057], [-84.59153551426446, 39.56753959545468], [-84.59023050710765, 39.47907257876224], [-84.62841751848786, 39.4787745769558], [-84.64118052224738, 39.47810857624435], [-84.66465452923556, 39.477861575120635], [-84.69075553700999, 39.47766157388453], [-84.69704353892874, 39.47821557370066], [-84.7025095405573, 39.47818357344352], [-84.70245554252222, 39.504060578345076], [-84.702802542933, 39.50806957908781], [-84.70304154756626, 39.56747459031057]]]}}, {"type": "Feature", "properties": {"GEOID": "39017014400", "NAME": "144", "dist_to_park_miles": 0.23505799726585608, "TotalPopulation": 1809, "LPA_CrudePrev": 46.9, "OBESITY_CrudePrev": 50.1, "MHLTH_CrudePrev": 24.7, "greenness_relative": 0.0530012863004673}, "geometry": {"type": "Polygon", "coordinates": [[[-84.40811745542615, 39.515214593942666], [-84.40375545453131, 39.52060459516425], [-84.39887445314784, 39.52161459557861], [-84.39903745317919, 39.52138559552775], [-84.39727645259616, 39.52064759546811], [-84.38593244913963, 39.51982759583016], [-84.38282944831134, 39.52114559622176], [-84.38294644825957, 39.520004595999964], [-84.39037545013065, 39.51537859478336], [-84.38888144967116, 39.51521459482038], [-84.38907944953517, 39.51264659432408], [-84.39720845199736, 39.51304259402839], [-84.3972954519132, 39.511593593749474], [-84.40283745358988, 39.511839593543314], [-84.40310245378942, 39.513420593831185], [-84.40506445438469, 39.513529593762335], [-84.40811745542615, 39.515214593942666]]]}}, {"type": "Feature", "properties": {"GEOID": "39017011120", "NAME": "111.20", "dist_to_park_miles": 0.817586721415898, "TotalPopulation": 8072, "LPA_CrudePrev": 20.4, "OBESITY_CrudePrev": 36.1, "MHLTH_CrudePrev": 15.3, "greenness_relative": 0.01992317779294872}, "geometry": {"type": "Polygon", "coordinates": [[[-84.41234944808778, 39.401701572185914], [-84.36055943238706, 39.39882657399117], [-84.36216143258399, 39.395084573206226], [-84.36319643259928, 39.39118157241631], [-84.36563243167346, 39.36921756812368], [-84.39997644207135, 39.370967566898905], [-84.41158544752447, 39.397265571376764], [-84.41218644786925, 39.39945257176551], [-84.41234944808778, 39.401701572185914]]]}}, {"type": "Feature", "properties": {"GEOID": "39017000500", "NAME": "5", "dist_to_park_miles": 0.7289283601540555, "TotalPopulation": 4520, "LPA_CrudePrev": 39.9, "OBESITY_CrudePrev": 46.8, "MHLTH_CrudePrev": 22.3, "greenness_relative": 0.04983629054900307}, "geometry": {"type": "Polygon", "coordinates": [[[-84.54860548822867, 39.394228564561296], [-84.54821948811144, 39.394202564573924], [-84.54848948831146, 39.395778564861104], [-84.54443948692744, 39.39347156460741], [-84.54022048555257, 39.39195156451088], [-84.5371654846895, 39.39260056477352], [-84.5332014834915, 39.39241156491831], [-84.53355948331858, 39.38871556419949], [-84.53104548257205, 39.3887705643245], [-84.53060248241336, 39.38842156427838], [-84.53077248229964, 39.386248563857535], [-84.53050848215763, 39.38541356371085], [-84.53068948216213, 39.38475856357807], [-84.53242948268213, 39.38476456349993], [-84.53236248257186, 39.38357156327618], [-84.53315348260591, 39.38090056273233], [-84.53589848344718, 39.38118656266163], [-84.53593348342329, 39.38073256257372], [-84.53660848362712, 39.38076256254866], [-84.53697448349067, 39.377514561914474], [-84.54048148456658, 39.3778955618271], [-84.54062348449489, 39.37638756153393], [-84.54616848617792, 39.37675156135043], [-84.54778748777998, 39.39152956408567], [-84.54860548822867, 39.394228564561296]]]}}, {"type": "Feature", "properties": {"GEOID": "39017011126", "NAME": "111.26", "dist_to_park_miles": 0.7730943296573273, "TotalPopulation": 5013, "LPA_CrudePrev": 23.7, "OBESITY_CrudePrev": 35.8, "MHLTH_CrudePrev": 16.5, "greenness_relative": 0.01554122259807178}, "geometry": {"type": "Polygon", "coordinates": [[[-84.4209594473418, 39.35768956341831], [-84.40404044230816, 39.357984564242294], [-84.3939124392339, 39.35735456458174], [-84.39096043784079, 39.350564563422225], [-84.39074243767199, 39.349186563169596], [-84.39056943753629, 39.348069562964625], [-84.39161543745509, 39.34283256191944], [-84.39780843915497, 39.340826561256485], [-84.40276444048592, 39.3388315606517], [-84.4074364416984, 39.33639055997478], [-84.41144944268657, 39.33358555925837], [-84.41444044379199, 39.33640255965949], [-84.41503444404836, 39.33745155983242], [-84.41479344435909, 39.34254056081286], [-84.41577344468939, 39.34303856086326], [-84.41836444586133, 39.34832456175262], [-84.4209594473418, 39.35768956341831]]]}}, {"type": "Feature", "properties": {"GEOID": "39017011125", "NAME": "111.25", "dist_to_park_miles": 0.3746614611039014, "TotalPopulation": 3744, "LPA_CrudePrev": 23.0, "OBESITY_CrudePrev": 35.1, "MHLTH_CrudePrev": 14.1, "greenness_relative": 0.01396985612857471}, "geometry": {"type": "Polygon", "coordinates": [[[-84.39997644207135, 39.370967566898905], [-84.38074643624735, 39.369957567579135], [-84.36563243167346, 39.36921756812368], [-84.36668343167145, 39.36501556727568], [-84.36865343192363, 39.360539566333756], [-84.37095243234435, 39.3569965655546], [-84.37511143324032, 39.35237956448648], [-84.38154443479458, 39.34747856326115], [-84.38582443590043, 39.34517356262797], [-84.39161543745509, 39.34283256191944], [-84.39056943753629, 39.348069562964625], [-84.39096043784079, 39.350564563422225], [-84.39997644207135, 39.370967566898905]]]}}, {"type": "Feature", "properties": {"GEOID": "39017011123", "NAME": "111.23", "dist_to_park_miles": 0.982934329766533, "TotalPopulation": 6042, "LPA_CrudePrev": 30.2, "OBESITY_CrudePrev": 41.7, "MHLTH_CrudePrev": 18.7, "greenness_relative": 0.07026813539083065}, "geometry": {"type": "Polygon", "coordinates": [[[-84.48457746212375, 39.301613549849165], [-84.48348646271266, 39.31377755221643], [-84.48273146266679, 39.316164552705445], [-84.4823974629731, 39.32156055374851], [-84.4828324630999, 39.321519553720954], [-84.48122346415009, 39.34184455766461], [-84.4770694627736, 39.34004055750986], [-84.4753914622478, 39.33971255752364], [-84.47308646158609, 39.34006655769575], [-84.46976646075638, 39.34221455825556], [-84.46749646013293, 39.34293855849652], [-84.45828945735268, 39.34253555883792], [-84.45126445519395, 39.341733559004155], [-84.44921245452439, 39.340981558954105], [-84.44666745362805, 39.33917355872529], [-84.44546145322943, 39.33866355868288], [-84.43735945070515, 39.337280558787135], [-84.43612145025983, 39.33627755865225], [-84.43581245007448, 39.33504055843062], [-84.43424444958117, 39.334709558438725], [-84.4321964488433, 39.33303355821232], [-84.41875744436268, 39.32683755764118], [-84.42897444668067, 39.317067555316065], [-84.43232444740416, 39.3133785544611], [-84.43542244797344, 39.308638553417154], [-84.43950344854147, 39.29997055157976], [-84.46545945651462, 39.302929550967185], [-84.48457746212375, 39.301613549849165]]]}}, {"type": "Feature", "properties": {"GEOID": "39017010913", "NAME": "109.13", "dist_to_park_miles": 1.0242310757856221, "TotalPopulation": 3518, "LPA_CrudePrev": 26.6, "OBESITY_CrudePrev": 41.8, "MHLTH_CrudePrev": 18.3, "greenness_relative": -0.009631216176351376}, "geometry": {"type": "Polygon", "coordinates": [[[-84.5226144757071, 39.33121455375957], [-84.52186547557685, 39.33245255402932], [-84.51969047502368, 39.333727554370896], [-84.52065647536246, 39.33439555445413], [-84.52109347555346, 39.33519855458712], [-84.5204994759288, 39.34252655600892], [-84.51013447222945, 39.33450455495328], [-84.5024834700509, 39.33590755556816], [-84.50332746971002, 39.328039554031754], [-84.5050494697859, 39.3222215528456], [-84.50388046931758, 39.32063655259686], [-84.50405746917751, 39.31807455210087], [-84.50965747084871, 39.31806755184516], [-84.51101347122739, 39.31772055171745], [-84.51325747194696, 39.3183805517412], [-84.51386647210975, 39.31812855166555], [-84.51582047280645, 39.319634551863544], [-84.51678647320193, 39.32105655209045], [-84.52053547425261, 39.32014855174716], [-84.52147747448588, 39.31951255158324], [-84.52165647444583, 39.31827155133879], [-84.52239047466922, 39.318328551316284], [-84.52175447518168, 39.32764955311997], [-84.5226144757071, 39.33121455375957]]]}}, {"type": "Feature", "properties": {"GEOID": "39017010912", "NAME": "109.12", "dist_to_park_miles": 1.3440862123425072, "TotalPopulation": 2318, "LPA_CrudePrev": 23.8, "OBESITY_CrudePrev": 37.2, "MHLTH_CrudePrev": 15.6, "greenness_relative": 0.011756028079313752}, "geometry": {"type": "Polygon", "coordinates": [[[-84.52368247392744, 39.303353548405425], [-84.52239047466922, 39.318328551316284], [-84.52165647444583, 39.31827155133879], [-84.52138047446469, 39.31961555160727], [-84.52026647417992, 39.32024955177861], [-84.51894247379164, 39.32034155185631], [-84.51678647320193, 39.32105655209045], [-84.51582047280645, 39.319634551863544], [-84.51386647210975, 39.31812855166555], [-84.51325747194696, 39.3183805517412], [-84.51101347122739, 39.31772055171745], [-84.50965747084871, 39.31806755184516], [-84.50405746917751, 39.31807455210087], [-84.50469346865148, 39.30856255026013], [-84.50405846839836, 39.30771755012799], [-84.50257546794249, 39.307542550161976], [-84.50273446783703, 39.30550954976743], [-84.5046484684426, 39.305964549767225], [-84.52368247392744, 39.303353548405425]]]}}, {"type": "Feature", "properties": {"GEOID": "39017011137", "NAME": "111.37", "dist_to_park_miles": 0.514087131649917, "TotalPopulation": 3462, "LPA_CrudePrev": 20.5, "OBESITY_CrudePrev": 36.0, "MHLTH_CrudePrev": 15.1, "greenness_relative": 0.029566162200428514}, "geometry": {"type": "Polygon", "coordinates": [[[-84.4786384658574, 39.37471156403721], [-84.4776234666599, 39.38934656686712], [-84.4396104551683, 39.38757156825861], [-84.4402094548457, 39.380926566967084], [-84.45460145919684, 39.381601566441226], [-84.45503745873157, 39.373711564920185], [-84.4786384658574, 39.37471156403721]]]}}, {"type": "Feature", "properties": {"GEOID": "39017011006", "NAME": "110.06", "dist_to_park_miles": 0.3166617243230918, "TotalPopulation": 5767, "LPA_CrudePrev": 24.3, "OBESITY_CrudePrev": 37.6, "MHLTH_CrudePrev": 16.2, "greenness_relative": 0.03991570749415296}, "geometry": {"type": "Polygon", "coordinates": [[[-84.50568947515262, 39.39079156586399], [-84.50480847529836, 39.39619556693149], [-84.50241147516934, 39.4039495685146], [-84.50171047534346, 39.40901456950917], [-84.50027047493995, 39.40936656964169], [-84.49900447543058, 39.420834571878544], [-84.49990747573311, 39.42126657191945], [-84.49978447577973, 39.42236657213402], [-84.49711747490821, 39.4213805720683], [-84.49430247406275, 39.421321572185434], [-84.48874847267945, 39.424964573130765], [-84.4844264715591, 39.4272215737566], [-84.48324847124071, 39.42766457389446], [-84.48028647037924, 39.427975574088556], [-84.47716846954258, 39.42922957446894], [-84.47454846879259, 39.429664574671], [-84.4776234666599, 39.38934656686712], [-84.50568947515262, 39.39079156586399]]]}}, {"type": "Feature", "properties": {"GEOID": "39017010105", "NAME": "101.05", "dist_to_park_miles": 0.7317011934830503, "TotalPopulation": 3560, "LPA_CrudePrev": 25.4, "OBESITY_CrudePrev": 34.6, "MHLTH_CrudePrev": 27.5, "greenness_relative": -0.010244722672165807}, "geometry": {"type": "Polygon", "coordinates": [[[-84.74923855698397, 39.51060857743121], [-84.74912755730348, 39.51520257830522], [-84.74563955625999, 39.51516557845886], [-84.7459135563901, 39.51579557856541], [-84.745816556877, 39.52251357984036], [-84.73829555464194, 39.5226315802091], [-84.73443555346802, 39.522343580332404], [-84.73103155233825, 39.520858580208305], [-84.73011655200455, 39.52006858010102], [-84.72984255186523, 39.51931857997178], [-84.73457655295041, 39.51505257894691], [-84.7347315526391, 39.51039257805827], [-84.74923855698397, 39.51060857743121]]]}}, {"type": "Feature", "properties": {"GEOID": "39017010106", "NAME": "101.06", "dist_to_park_miles": 0.5754815718117653, "TotalPopulation": 3241, "LPA_CrudePrev": 36.4, "OBESITY_CrudePrev": 41.2, "MHLTH_CrudePrev": 32.2, "greenness_relative": 0.023664062581391587}, "geometry": {"type": "Polygon", "coordinates": [[[-84.74949755631053, 39.500824575568394], [-84.74923855698397, 39.51060857743121], [-84.73924455399046, 39.510455577862416], [-84.73945655329352, 39.50054457597761], [-84.74949755631053, 39.500824575568394]]]}}, {"type": "Feature", "properties": {"GEOID": "39017014900", "NAME": "149", "dist_to_park_miles": 1.3163247797251254, "TotalPopulation": 5265, "LPA_CrudePrev": 24.0, "OBESITY_CrudePrev": 37.7, "MHLTH_CrudePrev": 17.5, "greenness_relative": -0.054225294370291555}, "geometry": {"type": "Polygon", "coordinates": [[[-84.63930451488868, 39.3888125593913], [-84.63853751484969, 39.39131355990128], [-84.60591350514609, 39.39172756147057], [-84.57178649495971, 39.39172556302816], [-84.57181549480374, 39.38955356261413], [-84.57010549383274, 39.38347456153695], [-84.56921349356723, 39.383484561579536], [-84.56836849318799, 39.38180756129935], [-84.56874749329559, 39.3817345612682], [-84.56789149291163, 39.38003856098489], [-84.5675994926168, 39.377295560476846], [-84.56802049260254, 39.37544756010639], [-84.56901849276072, 39.373601559709975], [-84.57191249331868, 39.36956055880983], [-84.57520649403659, 39.3660555579933], [-84.5777654943879, 39.360604556840265], [-84.58178149539795, 39.35811255618335], [-84.58766149693585, 39.355246555370336], [-84.5915614978601, 39.35207955459035], [-84.59055049769334, 39.35386355497566], [-84.59075049778328, 39.3542635550426], [-84.59032349777877, 39.35588855537105], [-84.590285498303, 39.36296655671847], [-84.5898444985778, 39.3683355577592], [-84.5899774992265, 39.37637755928162], [-84.59525350065402, 39.374436558672016], [-84.60088450243076, 39.37570755865657], [-84.60713250433807, 39.37627255847874], [-84.61146150555258, 39.37525355808752], [-84.6125865058075, 39.3741875578336], [-84.6134695060518, 39.37393455774522], [-84.61857050766942, 39.375195557751944], [-84.62428650934307, 39.37477555741111], [-84.62550450968207, 39.37445355729433], [-84.63520351214522, 39.368775555772594], [-84.6384105134021, 39.372734556378276], [-84.63923351382593, 39.37508555678732], [-84.63930451488868, 39.3888125593913]]]}}, {"type": "Feature", "properties": {"GEOID": "39017011200", "NAME": "112", "dist_to_park_miles": 1.0991694758413317, "TotalPopulation": 8868, "LPA_CrudePrev": 22.3, "OBESITY_CrudePrev": 35.9, "MHLTH_CrudePrev": 15.6, "greenness_relative": -0.01742393526802677}, "geometry": {"type": "Polygon", "coordinates": [[[-84.40309544752017, 39.43079557813952], [-84.39791944702178, 39.444661581010706], [-84.39796244709262, 39.44542758115432], [-84.39554144689343, 39.45235858258166], [-84.39495744674666, 39.45272658267817], [-84.39394944665041, 39.455435583238796], [-84.39328544676454, 39.459563584053356], [-84.39346544723122, 39.46501158508019], [-84.3808474434224, 39.46455258556747], [-84.38089344338552, 39.46388458543846], [-84.37963844296407, 39.463276585380065], [-84.37934844296483, 39.46443158561272], [-84.3589054367875, 39.463613586387574], [-84.35907543668952, 39.46164758600623], [-84.35033943403614, 39.46112158630362], [-84.35076343421173, 39.46176558640673], [-84.3503624340876, 39.46171058641451], [-84.34982443399922, 39.462669586621246], [-84.3503364341851, 39.46310158668006], [-84.35153643454898, 39.46316558663764], [-84.35267343493646, 39.463790586704704], [-84.35166243468085, 39.464409586868335], [-84.34798243358856, 39.46452458705756], [-84.34324743282198, 39.47311158890472], [-84.3395444316953, 39.47286558902642], [-84.33946043171188, 39.473416589134935], [-84.33869543147868, 39.4733595891589], [-84.34021543067286, 39.45670358592418], [-84.33994343057032, 39.45642358588331], [-84.33672342957496, 39.45600158594946], [-84.33984442835231, 39.42746558038103], [-84.36433143580584, 39.429176579594134], [-84.384081441754, 39.4297285788014], [-84.40309544752017, 39.43079557813952]]]}}, {"type": "Feature", "properties": {"GEOID": "39017011127", "NAME": "111.27", "dist_to_park_miles": 0.8656727172109576, "TotalPopulation": 4584, "LPA_CrudePrev": 20.5, "OBESITY_CrudePrev": 34.7, "MHLTH_CrudePrev": 14.7, "greenness_relative": 0.0011444467342173192}, "geometry": {"type": "Polygon", "coordinates": [[[-84.42498044964478, 39.372306566018565], [-84.39997644207135, 39.370967566898905], [-84.3939124392339, 39.35735456458174], [-84.40404044230816, 39.357984564242294], [-84.4209594473418, 39.35768956341831], [-84.42498044964478, 39.372306566018565]]]}}, {"type": "Feature", "properties": {"GEOID": "39017012700", "NAME": "127", "dist_to_park_miles": 0.5809090018934482, "TotalPopulation": 3153, "LPA_CrudePrev": 30.4, "OBESITY_CrudePrev": 42.6, "MHLTH_CrudePrev": 20.1, "greenness_relative": -0.019042347859959008}, "geometry": {"type": "Polygon", "coordinates": [[[-84.39037545013065, 39.51537859478336], [-84.38294644825957, 39.520004595999964], [-84.38282944831134, 39.52114559622176], [-84.38392744858977, 39.52048659604666], [-84.38614844960436, 39.525087596818196], [-84.37980044784335, 39.52690859745327], [-84.37795744736364, 39.52785259771644], [-84.37593544688028, 39.52945259811223], [-84.3638494432071, 39.52871459852355], [-84.35984744196212, 39.528093598588256], [-84.35986244192418, 39.52753559848169], [-84.36277744277419, 39.527240598292785], [-84.36410644313922, 39.5268105981506], [-84.36811544413963, 39.52418859747028], [-84.37563144620157, 39.52172559666016], [-84.3755854461149, 39.520766596480286], [-84.37456944572348, 39.51961759630864], [-84.37457244565253, 39.51867259612917], [-84.38051344746016, 39.51906559593279], [-84.38093144750823, 39.51805259572151], [-84.38074844735264, 39.51672659547826], [-84.3776584464135, 39.51653559558294], [-84.37757344604002, 39.51195659471787], [-84.38907944953517, 39.51264659432408], [-84.38888144967116, 39.51521459482038], [-84.39037545013065, 39.51537859478336]]]}}, {"type": "Feature", "properties": {"GEOID": "39017010103", "NAME": "101.03", "dist_to_park_miles": 0.6269945037280336, "TotalPopulation": 5129, "LPA_CrudePrev": 24.4, "OBESITY_CrudePrev": 34.7, "MHLTH_CrudePrev": 17.7, "greenness_relative": -0.06665470397904938}, "geometry": {"type": "Polygon", "coordinates": [[[-84.79056056745846, 39.48649157096585], [-84.79014156901064, 39.50833857511734], [-84.75082255724992, 39.50791657684904], [-84.74937155678313, 39.507474576832244], [-84.74950355629981, 39.50066157553728], [-84.73055755062803, 39.50040857636135], [-84.72601954882464, 39.49454457546037], [-84.71144054324917, 39.47853757310024], [-84.73793655115995, 39.47861757189748], [-84.73877155111951, 39.47483557114305], [-84.73823655067638, 39.471130570466116], [-84.75835055729218, 39.47918057106511], [-84.77108956122183, 39.480881570800825], [-84.77829556355776, 39.48332057093067], [-84.78892056692371, 39.48589557092864], [-84.79056056745846, 39.48649157096585]]]}}, {"type": "Feature", "properties": {"GEOID": "39017010600", "NAME": "106", "dist_to_park_miles": 0.6615152172009873, "TotalPopulation": 3249, "LPA_CrudePrev": 31.3, "OBESITY_CrudePrev": 41.1, "MHLTH_CrudePrev": 18.1, "greenness_relative": 0.007527903172184436}, "geometry": {"type": "Polygon", "coordinates": [[[-84.59023050710765, 39.47907257876224], [-84.48977047719751, 39.48044658361806], [-84.48963547666473, 39.47397158239563], [-84.48675247578814, 39.47377558249008], [-84.48641047508096, 39.465816580995174], [-84.47733147283367, 39.471952582574275], [-84.47632047061842, 39.44675957783745], [-84.47614946930574, 39.43012257468504], [-84.47590946917066, 39.42928657453715], [-84.47716846954258, 39.42922957446894], [-84.48028647037924, 39.427975574088556], [-84.48324847124071, 39.42766457389446], [-84.48874847267945, 39.424964573130765], [-84.49430247406275, 39.421321572185434], [-84.49711747490821, 39.4213805720683], [-84.50017147590869, 39.42254257214983], [-84.50369247718673, 39.42552557255596], [-84.50328547731642, 39.428839573204044], [-84.50366147766054, 39.431895573767356], [-84.5040914778271, 39.432397573843076], [-84.50775947900965, 39.43354057389281], [-84.51266948070456, 39.43654557423946], [-84.51673048194866, 39.43695257413141], [-84.52070348312839, 39.43685857393222], [-84.52372748397595, 39.43612357365461], [-84.52579648452203, 39.43517557338015], [-84.5284504850786, 39.432063572668085], [-84.52834748528451, 39.43518157326485], [-84.52785048534727, 39.43796357381577], [-84.53935048880513, 39.43826357334759], [-84.54295048978166, 39.43696357293637], [-84.54315048978822, 39.436263572794346], [-84.55225149249911, 39.4361675723604], [-84.55231949304695, 39.44310957367498], [-84.58529850288386, 39.44295657213834], [-84.58772250362887, 39.4432355720804], [-84.59021550432507, 39.44260257184626], [-84.59023050710765, 39.47907257876224]]]}}, {"type": "Feature", "properties": {"GEOID": "39017013600", "NAME": "136", "dist_to_park_miles": 1.0132326295431273, "TotalPopulation": 5239, "LPA_CrudePrev": 44.6, "OBESITY_CrudePrev": 49.4, "MHLTH_CrudePrev": 23.7, "greenness_relative": 0.01704312483722481}, "geometry": {"type": "Polygon", "coordinates": [[[-84.36885144215272, 39.49513459192221], [-84.36830944267395, 39.50413659365592], [-84.34960643700418, 39.503175594325604], [-84.34695743614341, 39.50227959427613], [-84.33669643264227, 39.496608593666444], [-84.33736343223408, 39.48859159211338], [-84.34799443544448, 39.48897459170227], [-84.34936343579592, 39.488206591494055], [-84.35065743626473, 39.48928259163952], [-84.35348443721865, 39.49070659178127], [-84.35452443744643, 39.48960659152499], [-84.35597143783922, 39.48907659135847], [-84.36185143961248, 39.48925959112545], [-84.36165843967817, 39.49088659144323], [-84.35976643922271, 39.49234559180644], [-84.35911243923157, 39.495041592348194], [-84.3626054402924, 39.49524759222821], [-84.36428644085245, 39.495999592294424], [-84.36676844152043, 39.495015591994495], [-84.36885144215272, 39.49513459192221]]]}}, {"type": "Feature", "properties": {"GEOID": "39017010202", "NAME": "102.02", "dist_to_park_miles": 0.7539485066444658, "TotalPopulation": 5238, "LPA_CrudePrev": 28.1, "OBESITY_CrudePrev": 38.3, "MHLTH_CrudePrev": 17.7, "greenness_relative": -0.024115768657027914}, "geometry": {"type": "Polygon", "coordinates": [[[-84.81765156829138, 39.39182355179089], [-84.81612057437796, 39.47734956805878], [-84.81571657434692, 39.47851456829783], [-84.81493858097926, 39.56772158519201], [-84.77017856761839, 39.567637587244135], [-84.76309656542594, 39.56661158737734], [-84.72757955489587, 39.56752758918923], [-84.70304154756626, 39.56747459031057], [-84.7024555410367, 39.484660574672525], [-84.7025095405573, 39.47818357344352], [-84.70302354028789, 39.47265557237295], [-84.70273753953155, 39.4638775707233], [-84.70313453898513, 39.45517456905614], [-84.7032485374873, 39.43510456524699], [-84.70254553614329, 39.42022556245796], [-84.70272453509577, 39.40577055970789], [-84.70331953416141, 39.39115855690804], [-84.78083455728324, 39.391333553388144], [-84.81716156814159, 39.391773551803915], [-84.81765156829138, 39.39182355179089]], [[-84.79625057195909, 39.522993577606194], [-84.79349757112305, 39.52279957769651], [-84.78942756973427, 39.52052557745438], [-84.78965056886375, 39.50833257513884], [-84.79014156901064, 39.50833857511734], [-84.79056056745846, 39.48649157096585], [-84.77829556355776, 39.48332057093067], [-84.77100056119366, 39.48086057080095], [-84.75835055729218, 39.47918057106511], [-84.73823655067638, 39.471130570466116], [-84.73877155111951, 39.47483557114305], [-84.73793655115995, 39.47861757189748], [-84.71144054324917, 39.47853757310024], [-84.72332654778815, 39.491503575008636], [-84.72883654993471, 39.49806257599658], [-84.72695554936574, 39.497961576064], [-84.72482754880039, 39.49886957633372], [-84.72434554863918, 39.498642576312946], [-84.72343754839439, 39.49898357641923], [-84.72051654744234, 39.497933576354875], [-84.71983554725004, 39.49807557641307], [-84.71955154720008, 39.49852957651205], [-84.71853154690008, 39.49858657656977], [-84.71835554695348, 39.499968576839414], [-84.71713454679092, 39.502601577393854], [-84.71765654701343, 39.503472577534666], [-84.71714054705456, 39.50601757804001], [-84.71729154721025, 39.507460578306095], [-84.71820754756418, 39.508511578462844], [-84.7198555481157, 39.50929057853441], [-84.72086454834476, 39.50835157831031], [-84.72182554862817, 39.50830757825778], [-84.72313454904975, 39.508711578273974], [-84.7242285494387, 39.509526578377816], [-84.72427054957058, 39.511082578670276], [-84.72661255043093, 39.513187578960725], [-84.72883555130373, 39.51591757937482], [-84.7296395516618, 39.517457579629124], [-84.72969655180398, 39.519088579935], [-84.73015455197981, 39.519598580010374], [-84.73011655200455, 39.52006858010102], [-84.73103155233825, 39.520858580208305], [-84.73443555346802, 39.522343580332404], [-84.75449255949479, 39.522893579512484], [-84.75680556024074, 39.52362057954335], [-84.75686856023727, 39.523330579485624], [-84.7604405613068, 39.52338057933047], [-84.76051056143218, 39.52474057958437], [-84.76415156251404, 39.52468357940579], [-84.76420356247078, 39.52391857925876], [-84.77281656552498, 39.530223580053594], [-84.78670456967441, 39.530308579429104], [-84.7905775709681, 39.53210757959043], [-84.79422157210814, 39.53279757955267], [-84.796159572827, 39.53462657980885], [-84.79625057195909, 39.522993577606194]]]}}, {"type": "Feature", "properties": {"GEOID": "39017010906", "NAME": "109.06", "dist_to_park_miles": 1.08116512483684, "TotalPopulation": 7444, "LPA_CrudePrev": 32.6, "OBESITY_CrudePrev": 42.3, "MHLTH_CrudePrev": 18.7, "greenness_relative": -0.09930923157837301}, "geometry": {"type": "Polygon", "coordinates": [[[-84.54490948504291, 39.36671455949936], [-84.53702248264663, 39.36616355975383], [-84.51900147684282, 39.36056055950857], [-84.52109347557924, 39.33554055465223], [-84.52089847545625, 39.33468155449758], [-84.51969047502368, 39.333727554370896], [-84.52186547557685, 39.33245255402932], [-84.52260347571152, 39.33131655377948], [-84.52175447518168, 39.32764955311997], [-84.52239047466922, 39.318328551316284], [-84.53050547719332, 39.31968155120507], [-84.54112548044827, 39.32081355093776], [-84.53971148125788, 39.337145554110855], [-84.53406747975238, 39.339520554819615], [-84.53977948192747, 39.34574855574482], [-84.54219148290855, 39.34920655629296], [-84.54245248315335, 39.35141655670152], [-84.54189148358681, 39.3593705582401], [-84.54391948451648, 39.36366055896367], [-84.54274948418077, 39.36384055905118], [-84.54490948504291, 39.36671455949936]]]}}, {"type": "Feature", "properties": {"GEOID": "39017015000", "NAME": "150", "dist_to_park_miles": 1.5840796868303724, "TotalPopulation": 7616, "LPA_CrudePrev": 27.6, "OBESITY_CrudePrev": 38.4, "MHLTH_CrudePrev": 16.6, "greenness_relative": -0.05747988016404282}, "geometry": {"type": "Polygon", "coordinates": [[[-84.70331953416141, 39.39115855690804], [-84.70272453509577, 39.40577055970789], [-84.70254553614329, 39.42022556245796], [-84.70325053764395, 39.43715056563476], [-84.70313453898513, 39.45517456905614], [-84.70273753953155, 39.4638775707233], [-84.70302354028789, 39.47265557237295], [-84.7025095405573, 39.47818357344352], [-84.69704353892874, 39.47821557370066], [-84.69075553700999, 39.47766157388453], [-84.66465452923556, 39.477861575120635], [-84.64118052224738, 39.47810857624435], [-84.62841751848786, 39.4787745769558], [-84.59023050710765, 39.47907257876224], [-84.59021550432507, 39.44260257184626], [-84.59973750715962, 39.44249157138962], [-84.59981250621286, 39.42975156896876], [-84.60439550762291, 39.43030256886373], [-84.60824850872405, 39.42965756856511], [-84.61552051087779, 39.42943456819011], [-84.62807751471517, 39.4306095678385], [-84.62762651270707, 39.405969563182815], [-84.62737251260846, 39.40566956313748], [-84.62549651207262, 39.40598556328323], [-84.6088975071273, 39.406097564063245], [-84.60869150596095, 39.39154056130816], [-84.65259851904106, 39.391265559249284], [-84.65530151986438, 39.39148855916804], [-84.65930152102985, 39.391122558915605], [-84.70331953416141, 39.39115855690804]]]}}, {"type": "Feature", "properties": {"GEOID": "39017011109", "NAME": "111.09", "dist_to_park_miles": 0.3893094912433598, "TotalPopulation": 4504, "LPA_CrudePrev": 25.2, "OBESITY_CrudePrev": 37.7, "MHLTH_CrudePrev": 16.1, "greenness_relative": 0.008062555736338628}, "geometry": {"type": "Polygon", "coordinates": [[[-84.41871044435212, 39.326883557652074], [-84.41208544283928, 39.33308955913502], [-84.40600044133217, 39.337226560199156], [-84.39949543961337, 39.340218561064155], [-84.38967743692413, 39.34347356212942], [-84.38582443590043, 39.34517356262797], [-84.38154443479458, 39.34747856326115], [-84.37706143369708, 39.3507025640786], [-84.37311043279705, 39.35443856496946], [-84.36970443210645, 39.3587935659535], [-84.36704843170314, 39.36398656706313], [-84.36563243167346, 39.36921756812368], [-84.36256143073923, 39.369003568222155], [-84.35750142908655, 39.36714456809745], [-84.3465244257557, 39.366494568471104], [-84.34792042507044, 39.35182656561309], [-84.36476743018277, 39.352837565042535], [-84.36635342955789, 39.338212562183635], [-84.37667043278528, 39.34012656208107], [-84.37716343264765, 39.33633356133586], [-84.38071143372265, 39.336528561212276], [-84.38384643462147, 39.33602156097363], [-84.39164343676005, 39.333473560134735], [-84.39242543693715, 39.332720559955796], [-84.39346543702082, 39.32969755933252], [-84.39514743735788, 39.327493558836245], [-84.39588443759168, 39.327674558837344], [-84.39885243813123, 39.323050557821496], [-84.40268443900746, 39.31947255696586], [-84.40697144007319, 39.316608556225674], [-84.40743544026309, 39.317291556334865], [-84.40717144042746, 39.32053055696424], [-84.41135444168589, 39.32064655679682], [-84.41079244162961, 39.32213255710552], [-84.41056444180573, 39.325383557735464], [-84.41215744231704, 39.325854557753026], [-84.41660644366183, 39.326062557590994], [-84.41871044435212, 39.326883557652074]]]}}, {"type": "Feature", "properties": {"GEOID": "39017012600", "NAME": "126", "dist_to_park_miles": 0.7781115809172904, "TotalPopulation": 2439, "LPA_CrudePrev": 26.5, "OBESITY_CrudePrev": 39.3, "MHLTH_CrudePrev": 17.5, "greenness_relative": 0.003985662799427914}, "geometry": {"type": "Polygon", "coordinates": [[[-84.38097044748233, 39.517558595625985], [-84.38051344746016, 39.51906559593279], [-84.37457244565253, 39.51867259612917], [-84.37456944572348, 39.51961759630864], [-84.3755854461149, 39.520766596480286], [-84.37563144620157, 39.52172559666016], [-84.36789344408021, 39.52428059749788], [-84.36463644327543, 39.526515598070446], [-84.36277744277419, 39.527240598292785], [-84.3598674419345, 39.527651598503454], [-84.35736344117039, 39.52745859858106], [-84.35133043922835, 39.52566559851589], [-84.35165043921118, 39.5241795982193], [-84.35391443952264, 39.51936159720179], [-84.35479243912641, 39.51068659551525], [-84.37757344604002, 39.51195659471787], [-84.3776584464135, 39.51653559558294], [-84.38074844735264, 39.51672659547826], [-84.38097044748233, 39.517558595625985]]]}}, {"type": "Feature", "properties": {"GEOID": "39017001002", "NAME": "10.02", "dist_to_park_miles": 0.7644084273095356, "TotalPopulation": 5603, "LPA_CrudePrev": 29.1, "OBESITY_CrudePrev": 39.5, "MHLTH_CrudePrev": 17.5, "greenness_relative": 1.443425355751593e-05}, "geometry": {"type": "Polygon", "coordinates": [[[-84.59981250621286, 39.42975156896876], [-84.59973750715962, 39.44249157138962], [-84.59053650441659, 39.44254557182078], [-84.58772250362887, 39.4432355720804], [-84.58305550221426, 39.442958572241295], [-84.58208950143803, 39.43654457106831], [-84.5784184996855, 39.42790856959698], [-84.57350549717637, 39.41418456721578], [-84.57353549663831, 39.406976565845504], [-84.59534150451073, 39.424918568255904], [-84.59981250621286, 39.42975156896876]]]}}, {"type": "Feature", "properties": {"GEOID": "39017014800", "NAME": "148", "dist_to_park_miles": 1.1891821712502235, "TotalPopulation": 6963, "LPA_CrudePrev": 30.0, "OBESITY_CrudePrev": 40.4, "MHLTH_CrudePrev": 18.8, "greenness_relative": 0.01910190379993537}, "geometry": {"type": "Polygon", "coordinates": [[[-84.62807751471517, 39.4306095678385], [-84.61552051087779, 39.42943456819011], [-84.60824850872405, 39.42965756856511], [-84.60439550762291, 39.43030256886373], [-84.59981250621286, 39.42975156896876], [-84.59579550467704, 39.425323568312024], [-84.58204349969556, 39.41379156675117], [-84.58475650049621, 39.41366956660408], [-84.58476750053512, 39.41413856669263], [-84.58867050169826, 39.41411156650918], [-84.58865650159153, 39.41276156625349], [-84.59009250202006, 39.41275956618749], [-84.59004550174387, 39.40930656553398], [-84.58714850085379, 39.40897356560307], [-84.58713850069925, 39.406976565224305], [-84.59389950265482, 39.40615156475879], [-84.61944951027532, 39.40608156357789], [-84.62597951221511, 39.40596356325698], [-84.62737251260846, 39.40566956313748], [-84.62766251273109, 39.40614456321439], [-84.62807751471517, 39.4306095678385]]]}}, {"type": "Feature", "properties": {"GEOID": "39017010203", "NAME": "102.03", "dist_to_park_miles": 0.5822973732764114, "TotalPopulation": 5345, "LPA_CrudePrev": 25.3, "OBESITY_CrudePrev": 37.7, "MHLTH_CrudePrev": 16.4, "greenness_relative": 0.018123370642943448}, "geometry": {"type": "Polygon", "coordinates": [[[-84.81945456223606, 39.30516053526119], [-84.81870056557327, 39.352044544197724], [-84.81765156829138, 39.39182355179089], [-84.78083455728324, 39.391333553388144], [-84.70331953416141, 39.39115855690804], [-84.70324553095847, 39.349275548958715], [-84.70367953098251, 39.34788654867499], [-84.70302953048726, 39.34391054794929], [-84.70333653003762, 39.336770546578535], [-84.70328452759864, 39.30475554049462], [-84.76652854645191, 39.30487553762844], [-84.79595455527601, 39.30566153643195], [-84.81945456223606, 39.30516053526119]]]}}, {"type": "Feature", "properties": {"GEOID": "39017010102", "NAME": "101.02", "dist_to_park_miles": 1.144413464706162, "TotalPopulation": 2965, "LPA_CrudePrev": 23.5, "OBESITY_CrudePrev": 35.3, "MHLTH_CrudePrev": 15.0, "greenness_relative": -0.05244739664521869}, "geometry": {"type": "Polygon", "coordinates": [[[-84.79625057195909, 39.522993577606194], [-84.796159572827, 39.53462657980885], [-84.79422157210814, 39.53279757955267], [-84.7905775709681, 39.53210757959043], [-84.78670456967441, 39.530308579429104], [-84.77281656552498, 39.530223580053594], [-84.76420356247078, 39.52391857925876], [-84.76415156251404, 39.52468357940579], [-84.76051056143218, 39.52474057958437], [-84.7604405613068, 39.52338057933047], [-84.75686856023727, 39.523330579485624], [-84.75680556024074, 39.52362057954335], [-84.75449255949479, 39.522893579512484], [-84.745816556877, 39.52251357984036], [-84.7459135563901, 39.51579557856541], [-84.74563955625999, 39.51516557845886], [-84.74912755730348, 39.51520257830522], [-84.74929655676074, 39.5074745768357], [-84.75082255724992, 39.50791657684904], [-84.78965056886375, 39.50833257513884], [-84.78942756973427, 39.52052557745438], [-84.79349757112305, 39.52279957769651], [-84.79625057195909, 39.522993577606194]]]}}, {"type": "Feature", "properties": {"GEOID": "39017001001", "NAME": "10.01", "dist_to_park_miles": 0.6414449888991387, "TotalPopulation": 5907, "LPA_CrudePrev": 31.6, "OBESITY_CrudePrev": 39.2, "MHLTH_CrudePrev": 17.4, "greenness_relative": -0.022506081330097905}, "geometry": {"type": "Polygon", "coordinates": [[[-84.58305550221426, 39.442958572241295], [-84.55231949304695, 39.44310957367498], [-84.55216349145616, 39.422779569822545], [-84.55285049148941, 39.420514569361046], [-84.55204749124556, 39.420461569387626], [-84.55075749089518, 39.42092056953372], [-84.54749449011967, 39.423541570180404], [-84.54633948991733, 39.42542057058997], [-84.54484148983072, 39.430172571560675], [-84.54427548971127, 39.43082557171053], [-84.5439334892294, 39.42582357077634], [-84.54479248947871, 39.42572857071908], [-84.5453644896097, 39.425203570593276], [-84.55005849048422, 39.418255569059504], [-84.550591490537, 39.4168535687689], [-84.55647749194841, 39.41229056763359], [-84.55986249316176, 39.414960567986135], [-84.56135049377325, 39.41716356833658], [-84.56205049400504, 39.417463568361576], [-84.56545049499748, 39.417163568149356], [-84.5675974957357, 39.41844356829437], [-84.56807149582986, 39.41781956815422], [-84.56808749572184, 39.41633356787132], [-84.57413349750718, 39.41607256754562], [-84.57847449971325, 39.42805356962197], [-84.58208950143803, 39.43654457106831], [-84.58305550221426, 39.442958572241295]]]}}, {"type": "Feature", "properties": {"GEOID": "39017012100", "NAME": "121", "dist_to_park_miles": 1.0334088096992746, "TotalPopulation": 3170, "LPA_CrudePrev": 30.0, "OBESITY_CrudePrev": 41.9, "MHLTH_CrudePrev": 19.4, "greenness_relative": 0.011842442410612497}, "geometry": {"type": "Polygon", "coordinates": [[[-84.43616746945308, 39.58906860665665], [-84.43544946931436, 39.590063606877884], [-84.36524644828532, 39.58986261005211], [-84.36459844652244, 39.56930360618612], [-84.364309444494, 39.54381760136741], [-84.36474044462551, 39.54385060135398], [-84.3667314453732, 39.54584360164108], [-84.37251244721853, 39.54735360166353], [-84.37570244798295, 39.54485460104404], [-84.37748844815195, 39.54005460005226], [-84.38018144889708, 39.53925559977782], [-84.38397145007706, 39.539856599718775], [-84.38923545149294, 39.537763599081536], [-84.39154745216202, 39.537464598919286], [-84.39204745234973, 39.53796459899126], [-84.39340045309035, 39.54237259976532], [-84.39493045369967, 39.54436060007239], [-84.39409145350558, 39.54510860025252], [-84.39439245363857, 39.54567160034551], [-84.39552945400047, 39.545955600347426], [-84.39559545413887, 39.547512600639585], [-84.39884245511823, 39.54761360051041], [-84.39935845529635, 39.5479246005458], [-84.40079745599078, 39.55138560113613], [-84.40126545617379, 39.55194860122147], [-84.40332545686184, 39.55288760130531], [-84.40346645701956, 39.55440260158602], [-84.404237457435, 39.556824602009826], [-84.40682745827917, 39.55773060206316], [-84.40757645856556, 39.55854660218355], [-84.40762145878053, 39.561187602681976], [-84.40782245888003, 39.561703602770564], [-84.41000045968903, 39.56376360306131], [-84.40999745985187, 39.565908603467896], [-84.4105004600746, 39.56685460362412], [-84.41118646031654, 39.567334603683676], [-84.41179346067946, 39.5697086041057], [-84.41450346159415, 39.57106660423901], [-84.4150744618403, 39.57205260439968], [-84.41512746195087, 39.57329260463215], [-84.41618746234947, 39.5743576047854], [-84.41741346276831, 39.5750376048581], [-84.41919846332111, 39.575281604822635], [-84.42005346361425, 39.57576960487597], [-84.42184846415093, 39.575763604792684], [-84.42491046496353, 39.57440660439555], [-84.42651646543082, 39.574232604289094], [-84.42890446618243, 39.57471760427168], [-84.42987446644007, 39.574290604146405], [-84.43051246666765, 39.57477060420812], [-84.43276546763136, 39.57855860482238], [-84.43222346754209, 39.57951260502784], [-84.43282946779391, 39.580434605174695], [-84.43259746781227, 39.581582605402716], [-84.4329934680096, 39.582613605579816], [-84.43422946847045, 39.58380360574856], [-84.43430646858573, 39.585009605973376], [-84.43490146882213, 39.585772606090586], [-84.43616746945308, 39.58906860665665]]]}}, {"type": "Feature", "properties": {"GEOID": "39017013300", "NAME": "133", "dist_to_park_miles": 0.6832757523858354, "TotalPopulation": 2335, "LPA_CrudePrev": 29.5, "OBESITY_CrudePrev": 40.2, "MHLTH_CrudePrev": 17.6, "greenness_relative": 0.018183478089316196}, "geometry": {"type": "Polygon", "coordinates": [[[-84.38245844718965, 39.50785059371589], [-84.38220844731562, 39.510492594228694], [-84.38161244718533, 39.51112459437581], [-84.38182344733093, 39.51220959457209], [-84.35479243912641, 39.51068659551525], [-84.35537043875946, 39.50357559413898], [-84.38144544665526, 39.50480659318435], [-84.38117944678896, 39.507613593729225], [-84.38245844718965, 39.50785059371589]]]}}, {"type": "Feature", "properties": {"GEOID": "39017013400", "NAME": "134", "dist_to_park_miles": 0.6153056211300889, "TotalPopulation": 2237, "LPA_CrudePrev": 35.4, "OBESITY_CrudePrev": 44.2, "MHLTH_CrudePrev": 20.7, "greenness_relative": -0.03839853495052348}, "geometry": {"type": "Polygon", "coordinates": [[[-84.38127044650874, 39.50356659295696], [-84.38144544665526, 39.50480659318435], [-84.36830944267395, 39.50413659365592], [-84.36885144215272, 39.49513459192221], [-84.37277444333863, 39.49529459177385], [-84.37260644344177, 39.49731559216521], [-84.38125344608075, 39.4979985919008], [-84.38072644632341, 39.50326959292539], [-84.38127044650874, 39.50356659295696]]]}}, {"type": "Feature", "properties": {"GEOID": "39017000100", "NAME": "1", "dist_to_park_miles": 1.3185242849278214, "TotalPopulation": 4733, "LPA_CrudePrev": 32.3, "OBESITY_CrudePrev": 43.3, "MHLTH_CrudePrev": 19.8, "greenness_relative": 0.01953528958318068}, "geometry": {"type": "Polygon", "coordinates": [[[-84.56664549081957, 39.357304556719555], [-84.5663234907586, 39.35776955682266], [-84.56460749028356, 39.358260556994225], [-84.56217448966868, 39.359732557385], [-84.56199948974898, 39.36148555772635], [-84.56270949017122, 39.36426655822279], [-84.55289748720706, 39.363799558581086], [-84.55277948728934, 39.36535355888199], [-84.54800848584568, 39.365096559050485], [-84.54580748498309, 39.36237755863366], [-84.54187148356218, 39.35912355819404], [-84.54220548347215, 39.35661255770119], [-84.54381748396324, 39.356743557652706], [-84.54401048373741, 39.3529915569302], [-84.55147448600906, 39.35356955670026], [-84.55158848593348, 39.35211855641907], [-84.55879948812768, 39.35267255619603], [-84.55873348818348, 39.35367155638905], [-84.55953648842655, 39.35371655636105], [-84.55950848844525, 39.354074556430405], [-84.5599134885674, 39.35409155641518], [-84.55985148859719, 39.35473055653954], [-84.56096848893526, 39.35479255650045], [-84.56102248890234, 39.35414355637455], [-84.5627844894355, 39.35423955631253], [-84.56291748935773, 39.352685556010925], [-84.56385948963896, 39.35268655596822], [-84.5638564898098, 39.354958556400454], [-84.56664349065309, 39.35511055630241], [-84.56664549081957, 39.357304556719555]]]}}, {"type": "Feature", "properties": {"GEOID": "39017011004", "NAME": "110.04", "dist_to_park_miles": 0.749159248845904, "TotalPopulation": 6442, "LPA_CrudePrev": 34.2, "OBESITY_CrudePrev": 44.6, "MHLTH_CrudePrev": 20.3, "greenness_relative": -0.018288753310170103}, "geometry": {"type": "Polygon", "coordinates": [[[-84.54616848617792, 39.37675156135043], [-84.54062348449489, 39.37638756153393], [-84.54048148456658, 39.3778955618271], [-84.53697448349067, 39.377514561914474], [-84.53660848362712, 39.38076256254866], [-84.53593348342329, 39.38073256257372], [-84.53589848344718, 39.38118656266163], [-84.53315348260591, 39.38090056273233], [-84.53236248257186, 39.38357156327618], [-84.53242948268213, 39.38476456349993], [-84.53068948216213, 39.38475856357807], [-84.53050848215763, 39.38541356371085], [-84.53077248229964, 39.386248563857535], [-84.53060248241336, 39.38842156427838], [-84.53104548257205, 39.3887705643245], [-84.53355948331858, 39.38871556419949], [-84.5332014834915, 39.39241156491831], [-84.49595747220853, 39.39029856621349], [-84.49716947165811, 39.3782295638632], [-84.50675047455591, 39.37871056351852], [-84.50657347429325, 39.37593456299863], [-84.5040244725464, 39.36288756063283], [-84.50343847235675, 39.362693560622574], [-84.50354947226248, 39.36100556029637], [-84.50321947212359, 39.36047156020978], [-84.50124347079101, 39.3506325584274], [-84.49224446820041, 39.351913559080394], [-84.49222246813152, 39.351087558924185], [-84.49115346781208, 39.35108455897222], [-84.49125746762677, 39.348215558421415], [-84.49529346890016, 39.349119558409996], [-84.49652546919559, 39.34815855817108], [-84.49700546886974, 39.341936556964896], [-84.5024634706037, 39.34331955698005], [-84.50286447016586, 39.33592355555387], [-84.51013447222945, 39.33450455495328], [-84.5204994759288, 39.34252655600892], [-84.51900147684282, 39.36056055950857], [-84.53702248264663, 39.36616355975383], [-84.5438714847275, 39.36664155953274], [-84.54491748515642, 39.36818455977854], [-84.54534448537775, 39.36942555999507], [-84.54616848617792, 39.37675156135043]]]}}, {"type": "Feature", "properties": {"GEOID": "39017011003", "NAME": "110.03", "dist_to_park_miles": 0.409929665681475, "TotalPopulation": 6405, "LPA_CrudePrev": 26.3, "OBESITY_CrudePrev": 38.4, "MHLTH_CrudePrev": 16.4, "greenness_relative": 0.024055688785596274}, "geometry": {"type": "Polygon", "coordinates": [[[-84.50675047455591, 39.37871056351852], [-84.49716947165811, 39.3782295638632], [-84.49595747220853, 39.39029856621349], [-84.4776234666599, 39.38934656686712], [-84.4786384658574, 39.37471156403721], [-84.47995246528885, 39.36198056155514], [-84.48592946715107, 39.36300156147763], [-84.49991147123441, 39.36177856060897], [-84.5040244725464, 39.36288756063283], [-84.50632747409007, 39.37421856268346], [-84.50675047455591, 39.37871056351852]]]}}, {"type": "Feature", "properties": {"GEOID": "39017011800", "NAME": "118", "dist_to_park_miles": 0.413587163730354, "TotalPopulation": 6411, "LPA_CrudePrev": 26.6, "OBESITY_CrudePrev": 38.9, "MHLTH_CrudePrev": 19.0, "greenness_relative": -0.003493019896088412}, "geometry": {"type": "Polygon", "coordinates": [[[-84.4776964751724, 39.50126058811805], [-84.47553347448991, 39.50079058812775], [-84.46521747141068, 39.50085658861165], [-84.4636784709327, 39.50062258863758], [-84.45996146985976, 39.501127588903145], [-84.45817446903062, 39.49725358824989], [-84.45434846781139, 39.49626458823701], [-84.4469324652413, 39.49162858769596], [-84.44584446480079, 39.490113587458154], [-84.44066546320974, 39.489555587588626], [-84.43912646268265, 39.48867558749186], [-84.43906246252837, 39.48689758715734], [-84.43995846263444, 39.48476758671222], [-84.44211046305048, 39.481774586045944], [-84.4437954635253, 39.48139258589656], [-84.47744747353103, 39.48066958422322], [-84.4776964751724, 39.50126058811805]]]}}, {"type": "Feature", "properties": {"GEOID": "39017011122", "NAME": "111.22", "dist_to_park_miles": 0.3196318851241405, "TotalPopulation": 5704, "LPA_CrudePrev": 25.7, "OBESITY_CrudePrev": 36.0, "MHLTH_CrudePrev": 16.3, "greenness_relative": -0.008589959391630375}, "geometry": {"type": "Polygon", "coordinates": [[[-84.4812114641578, 39.341994557693724], [-84.48077046442037, 39.34722555870961], [-84.48044746435698, 39.347664558807864], [-84.47995246528885, 39.36198056155514], [-84.47348646327318, 39.360861561636156], [-84.46018945943771, 39.36267056258484], [-84.46070445944397, 39.36071356218894], [-84.46138745895036, 39.35145956039634], [-84.45105345581473, 39.35081256074256], [-84.44342245301962, 39.34396755978561], [-84.44390645274325, 39.33837555869859], [-84.44652145357799, 39.33908755871552], [-84.44880445438511, 39.34075055892862], [-84.45060945498496, 39.34155655900019], [-84.45828945735268, 39.34253555883792], [-84.46749646013293, 39.34293855849652], [-84.46976646075638, 39.34221455825556], [-84.47284046152066, 39.34017355772729], [-84.47486646209107, 39.33971355754767], [-84.4770694627736, 39.34004055750986], [-84.4812114641578, 39.341994557693724]]]}}, {"type": "Feature", "properties": {"GEOID": "39017013000", "NAME": "130", "dist_to_park_miles": 0.08885684842516016, "TotalPopulation": 1555, "LPA_CrudePrev": 40.0, "OBESITY_CrudePrev": 49.7, "MHLTH_CrudePrev": 20.8, "greenness_relative": 0.009270220341332402}, "geometry": {"type": "Polygon", "coordinates": [[[-84.41974745783645, 39.501164590746185], [-84.4174404576417, 39.507677592087255], [-84.41803745807174, 39.51098359268723], [-84.41613445772369, 39.51389059332556], [-84.41292745725237, 39.520303594688464], [-84.40904845599967, 39.51909159463564], [-84.41008145617371, 39.51731759425196], [-84.40997145606288, 39.516293594062745], [-84.40506445438469, 39.513529593762335], [-84.40310245378942, 39.513420593831185], [-84.40280845358981, 39.51195259356606], [-84.40334045362053, 39.51026359322133], [-84.40632245433154, 39.50788259263349], [-84.41080045532065, 39.50327359155461], [-84.41116745533397, 39.502004591297066], [-84.41060245506239, 39.50065559106683], [-84.41765445720073, 39.50103659081739], [-84.41914745763421, 39.50086459071663], [-84.41974745783645, 39.501164590746185]]]}}, {"type": "Feature", "properties": {"GEOID": "39017013200", "NAME": "132", "dist_to_park_miles": 0.34665478141678213, "TotalPopulation": 3389, "LPA_CrudePrev": 33.6, "OBESITY_CrudePrev": 45.4, "MHLTH_CrudePrev": 22.1, "greenness_relative": -0.006038907281738393}, "geometry": {"type": "Polygon", "coordinates": [[[-84.39426945048729, 39.50474459258782], [-84.39409145075507, 39.508968593397526], [-84.39356145072838, 39.51070359375094], [-84.39237845053147, 39.51276859419675], [-84.38182344733093, 39.51220959457209], [-84.38161244718533, 39.51112459437581], [-84.38220844731562, 39.510492594228694], [-84.38247444718274, 39.50769659368592], [-84.38117944678896, 39.507613593729225], [-84.38150644662286, 39.50413959305497], [-84.38127044650874, 39.50356659295696], [-84.38072644632341, 39.50326959292539], [-84.38093044629161, 39.50204759268413], [-84.39239644977268, 39.50271459228797], [-84.39382945026163, 39.50350759237314], [-84.39426945048729, 39.50474459258782]]]}}, {"type": "Feature", "properties": {"GEOID": "39017013100", "NAME": "131", "dist_to_park_miles": 0.13438196484715362, "TotalPopulation": 2182, "LPA_CrudePrev": 43.0, "OBESITY_CrudePrev": 51.1, "MHLTH_CrudePrev": 23.0, "greenness_relative": 0.011365905402347332}, "geometry": {"type": "Polygon", "coordinates": [[[-84.41111345529795, 39.50174359125], [-84.41095845534869, 39.50302059149939], [-84.41019045519073, 39.50396459171357], [-84.40632245433154, 39.50788259263349], [-84.403602453672, 39.50990959314221], [-84.40283745358988, 39.511839593543314], [-84.3972954519132, 39.511593593749474], [-84.39720845199736, 39.51304259402839], [-84.39237845053147, 39.51276859419675], [-84.39356145072838, 39.51070359375094], [-84.39409145075507, 39.508968593397526], [-84.39425645054531, 39.5055595927431], [-84.39650945122862, 39.505681592663485], [-84.40068445191798, 39.49831759107546], [-84.40220345249477, 39.49992859131196], [-84.4069544539265, 39.50006759112168], [-84.40698345404928, 39.50156859140519], [-84.41111345529795, 39.50174359125]]]}}, {"type": "Feature", "properties": {"GEOID": "39017000300", "NAME": "3", "dist_to_park_miles": 1.1081737370475524, "TotalPopulation": 3574, "LPA_CrudePrev": 44.7, "OBESITY_CrudePrev": 52.2, "MHLTH_CrudePrev": 23.5, "greenness_relative": -0.05223286146831596}, "geometry": {"type": "Polygon", "coordinates": [[[-84.57181549480374, 39.38955356261413], [-84.57176449508268, 39.393434563353885], [-84.57077349499748, 39.3962135639271], [-84.5686084945627, 39.39900356455592], [-84.56652849383443, 39.39758856438203], [-84.55903449142278, 39.395288564286986], [-84.55892749130548, 39.394162564077895], [-84.55546848954215, 39.38451656240255], [-84.55575548964418, 39.38473256243051], [-84.55541048946108, 39.38367456224513], [-84.55548248939388, 39.382503562019295], [-84.55700448950837, 39.37801356109642], [-84.55729348924214, 39.37335556019775], [-84.56409849129871, 39.373688559950835], [-84.56374449108587, 39.372272559697784], [-84.56831249246605, 39.37249255953135], [-84.56864449254273, 39.37219655945992], [-84.56996649293544, 39.372171559394914], [-84.56802049260254, 39.37544756010639], [-84.5675994926168, 39.377295560476846], [-84.56789149291163, 39.38003856098489], [-84.56874749329559, 39.3817345612682], [-84.56836849318799, 39.38180756129935], [-84.56921349356723, 39.383484561579536], [-84.57010549383274, 39.38347456153695], [-84.57181549480374, 39.38955356261413]]]}}, {"type": "Feature", "properties": {"GEOID": "39017000400", "NAME": "4", "dist_to_park_miles": 0.9283268537169668, "TotalPopulation": 4747, "LPA_CrudePrev": 50.5, "OBESITY_CrudePrev": 54.6, "MHLTH_CrudePrev": 26.1, "greenness_relative": 0.011065655463836588}, "geometry": {"type": "Polygon", "coordinates": [[[-84.55906449140589, 39.39494756422082], [-84.55739349117064, 39.39842656495808], [-84.55619249072386, 39.397262564791724], [-84.5509084890201, 39.39559856471657], [-84.54860548822867, 39.394228564561296], [-84.54778748777998, 39.39152956408567], [-84.54534448537775, 39.36942555999507], [-84.54491748515642, 39.36818455977854], [-84.5438714847275, 39.36664155953274], [-84.54490948504291, 39.36671455949936], [-84.54274948418077, 39.36384055905118], [-84.54391948451648, 39.36366055896367], [-84.5420904837019, 39.36010755837121], [-84.54187148356218, 39.35912355819404], [-84.54659348528008, 39.36320255875476], [-84.54894948625379, 39.366778559327464], [-84.55906449140589, 39.39494756422082]]]}}, {"type": "Feature", "properties": {"GEOID": "39017000600", "NAME": "6", "dist_to_park_miles": 0.6975220585181662, "TotalPopulation": 4680, "LPA_CrudePrev": 37.9, "OBESITY_CrudePrev": 46.6, "MHLTH_CrudePrev": 22.4, "greenness_relative": 0.07568701027015334}, "geometry": {"type": "Polygon", "coordinates": [[[-84.55713449111167, 39.39866856501587], [-84.55356849058289, 39.40573856652178], [-84.55072748967159, 39.40490756649354], [-84.5496834893659, 39.40498756655638], [-84.54658048861857, 39.40735156714706], [-84.5412184871016, 39.408462567602754], [-84.53646948587097, 39.410936568289436], [-84.53544848555732, 39.41082156831415], [-84.5348764852822, 39.409445568078844], [-84.53364948484564, 39.40852056795906], [-84.53351448464466, 39.40640056756243], [-84.53322948454127, 39.406159567529635], [-84.5304444838446, 39.40794156799524], [-84.52986648366794, 39.40788856801153], [-84.52944948332775, 39.405042567489765], [-84.53001548348905, 39.40494056744459], [-84.52973348333423, 39.40400856728037], [-84.54062948642108, 39.40180456636465], [-84.54099048626641, 39.39834056568997], [-84.54314448651192, 39.39309056459403], [-84.54555748730094, 39.39399556465599], [-84.54848948831146, 39.395778564861104], [-84.54821948811144, 39.394202564573924], [-84.54860548822867, 39.394228564561296], [-84.5509084890201, 39.39559856471657], [-84.55645849081365, 39.397399564805596], [-84.55713449111167, 39.39866856501587]]]}}, {"type": "Feature", "properties": {"GEOID": "39017014700", "NAME": "147", "dist_to_park_miles": 1.0805806073107287, "TotalPopulation": 4059, "LPA_CrudePrev": 32.7, "OBESITY_CrudePrev": 43.4, "MHLTH_CrudePrev": 22.7, "greenness_relative": 0.03528430168938801}, "geometry": {"type": "Polygon", "coordinates": [[[-84.57404549748142, 39.416079567550966], [-84.56808749572184, 39.41633356787132], [-84.56807149582986, 39.41781956815422], [-84.5675974957357, 39.41844356829437], [-84.56545049499748, 39.417163568149356], [-84.56205049400504, 39.417463568361576], [-84.56135049377325, 39.41716356833658], [-84.55986249316176, 39.414960567986135], [-84.55647749194841, 39.41229056763359], [-84.56573049389885, 39.40158056517686], [-84.57358049664788, 39.40692556583378], [-84.57349049716618, 39.414109567202225], [-84.57404549748142, 39.416079567550966]]]}}, {"type": "Feature", "properties": {"GEOID": "39017001100", "NAME": "11", "dist_to_park_miles": 1.2138019506045716, "TotalPopulation": 4287, "LPA_CrudePrev": 33.8, "OBESITY_CrudePrev": 44.1, "MHLTH_CrudePrev": 21.6, "greenness_relative": -0.014613084119174835}, "geometry": {"type": "Polygon", "coordinates": [[[-84.59009250202006, 39.41275956618749], [-84.58865650159153, 39.41276156625349], [-84.58867050169826, 39.41411156650918], [-84.58476750053512, 39.41413856669263], [-84.58475650049621, 39.41366956660408], [-84.58204349969556, 39.41379156675117], [-84.57378649672007, 39.40706656585113], [-84.56573049389885, 39.40158056517686], [-84.5686084945627, 39.39900356455592], [-84.57077349499748, 39.3962135639271], [-84.57147849508091, 39.394537563576485], [-84.57641349664918, 39.39579156358949], [-84.57292749584312, 39.398885564336396], [-84.5739794962112, 39.39959756442363], [-84.574505496333, 39.399133564311484], [-84.57562249672289, 39.399877564401805], [-84.57699749720646, 39.40084156452215], [-84.57655949711469, 39.401355564639786], [-84.58208749905147, 39.40513256510479], [-84.58699550052943, 39.405301564912705], [-84.58714850085379, 39.40897356560307], [-84.59004550174387, 39.40930656553398], [-84.59009250202006, 39.41275956618749]]]}}, {"type": "Feature", "properties": {"GEOID": "39017010104", "NAME": "101.04", "dist_to_park_miles": 0.49597863569646944, "TotalPopulation": 5545, "LPA_CrudePrev": 29.7, "OBESITY_CrudePrev": 35.3, "MHLTH_CrudePrev": 33.7, "greenness_relative": 0.021940410936170607}, "geometry": {"type": "Polygon", "coordinates": [[[-84.73945655329352, 39.50054457597761], [-84.73924455399046, 39.510455577862416], [-84.7347315526391, 39.51039257805827], [-84.73457655295041, 39.51505257894691], [-84.73217455239507, 39.51715557945529], [-84.73174655224501, 39.51686457941995], [-84.731617552075, 39.515150579101686], [-84.73076255180789, 39.514994579111516], [-84.73056855165541, 39.513761578887234], [-84.73078655076719, 39.50133257652567], [-84.73055755062803, 39.50040857636135], [-84.73945655329352, 39.50054457597761]]]}}, {"type": "Feature", "properties": {"GEOID": "39017010201", "NAME": "102.01", "dist_to_park_miles": 0.4122504946058808, "TotalPopulation": 2451, "LPA_CrudePrev": 13.6, "OBESITY_CrudePrev": 22.4, "MHLTH_CrudePrev": 24.2, "greenness_relative": -0.011074814324289806}, "geometry": {"type": "Polygon", "coordinates": [[[-84.73202855236387, 39.517316579492466], [-84.72984255186523, 39.51931857997178], [-84.72937055153325, 39.51682857952254], [-84.72661255043093, 39.513187578960725], [-84.72427054957058, 39.511082578670276], [-84.7242285494387, 39.509526578377816], [-84.72313454904975, 39.508711578273974], [-84.72182554862817, 39.50830757825778], [-84.72086454834476, 39.50835157831031], [-84.7198555481157, 39.50929057853441], [-84.71807154751662, 39.508420578451876], [-84.71729154721025, 39.507460578306095], [-84.71714054705456, 39.50601757804001], [-84.71765654701343, 39.503472577534666], [-84.71713454679092, 39.502601577393854], [-84.71835554695348, 39.499968576839414], [-84.71853154690008, 39.49858657656977], [-84.71955154720008, 39.49852957651205], [-84.71983554725004, 39.49807557641307], [-84.72051654744234, 39.497933576354875], [-84.72343754839439, 39.49898357641923], [-84.72434554863918, 39.498642576312946], [-84.72482754880039, 39.49886957633372], [-84.72695554936574, 39.497961576064], [-84.72883654993471, 39.49806257599658], [-84.73031055052012, 39.49996257628832], [-84.73078655076719, 39.50133257652567], [-84.73056855165541, 39.513761578887234], [-84.73076255180789, 39.514994579111516], [-84.731617552075, 39.515150579101686], [-84.73202855236387, 39.517316579492466]]]}}, {"type": "Feature", "properties": {"GEOID": "39017010911", "NAME": "109.11", "dist_to_park_miles": 0.4023559090041565, "TotalPopulation": 4145, "LPA_CrudePrev": 29.2, "OBESITY_CrudePrev": 40.1, "MHLTH_CrudePrev": 17.6, "greenness_relative": 0.04918689373006957}, "geometry": {"type": "Polygon", "coordinates": [[[-84.6309965065912, 39.31194954515976], [-84.62993750637182, 39.31322654545099], [-84.62971550638076, 39.31422154565042], [-84.6305655067226, 39.3153915458343], [-84.63053050675886, 39.31600954595346], [-84.62959150656187, 39.31710954620552], [-84.62572150559019, 39.31952554684154], [-84.62104950429357, 39.32080754729836], [-84.61841550350105, 39.32071654740106], [-84.61731650314216, 39.32030454737274], [-84.6141175020079, 39.31791954706472], [-84.61156850116748, 39.316858546978956], [-84.60790650010054, 39.317194547209695], [-84.60663949977733, 39.317919547405374], [-84.60716150005422, 39.31952454768699], [-84.60921850085076, 39.321947548054304], [-84.60981250111769, 39.32313554825326], [-84.61026950149915, 39.32638154885], [-84.61004150160038, 39.32862154928652], [-84.61145050240279, 39.33367855018424], [-84.61116550263127, 39.33782555098597], [-84.60247350002471, 39.33764755134832], [-84.59677049846498, 39.339522551964855], [-84.59685049828033, 39.33676355143642], [-84.57716949249209, 39.33787655254474], [-84.56848748989981, 39.33785655293634], [-84.56850948975898, 39.335904552563946], [-84.56903748976613, 39.333912552160875], [-84.57018449000348, 39.33252255184417], [-84.5701944899441, 39.33169655168653], [-84.56962948971264, 39.33086355155375], [-84.56969448965934, 39.32990055136753], [-84.57200649035016, 39.32991255126456], [-84.57228649028123, 39.32789255086744], [-84.5732104905393, 39.327658550780825], [-84.57349349067181, 39.328295550889166], [-84.57520149118069, 39.32828555080949], [-84.57732849175785, 39.32752355056767], [-84.57709249160457, 39.32642555036947], [-84.57735749166973, 39.326241550322386], [-84.57824849191046, 39.32590855021845], [-84.57827849200349, 39.327022550429064], [-84.59158149557985, 39.32182054883346], [-84.59190249555017, 39.320158548502555], [-84.58865649445431, 39.31846954832892], [-84.5856304935509, 39.31846054846496], [-84.58468549304966, 39.31555354795471], [-84.58178849217956, 39.315476548071906], [-84.58027549165325, 39.31448354795175], [-84.57931249126416, 39.31313354773859], [-84.57965949098553, 39.308065546758044], [-84.59875049671815, 39.30856354598401], [-84.61634350216715, 39.311234545691256], [-84.626750505326, 39.31196354535589], [-84.6309965065912, 39.31194954515976]]]}}, {"type": "Feature", "properties": {"GEOID": "39017010910", "NAME": "109.10", "dist_to_park_miles": 0.8608220619777897, "TotalPopulation": 4894, "LPA_CrudePrev": 25.0, "OBESITY_CrudePrev": 37.0, "MHLTH_CrudePrev": 15.1, "greenness_relative": 0.00335158235563382}, "geometry": {"type": "Polygon", "coordinates": [[[-84.59180749553036, 39.32027154852839], [-84.59143349554778, 39.32198054887064], [-84.57827849200349, 39.327022550429064], [-84.57824849191046, 39.32590855021845], [-84.57735749166973, 39.326241550322386], [-84.57709249160457, 39.32642555036947], [-84.57732849175785, 39.32752355056767], [-84.57508549114722, 39.32830055081763], [-84.57349349067181, 39.328295550889166], [-84.5732104905393, 39.327658550780825], [-84.57228649028123, 39.32789255086744], [-84.57200649035016, 39.32991255126456], [-84.56969448965934, 39.32990055136753], [-84.56962948971264, 39.33086355155375], [-84.5701944899441, 39.33169655168653], [-84.57018449000348, 39.33252255184417], [-84.56903748976613, 39.333912552160875], [-84.56850948975898, 39.335904552563946], [-84.56848748989981, 39.33785655293634], [-84.56012848739647, 39.33774055329483], [-84.55887148661564, 39.33236555232926], [-84.56122748690018, 39.3268185511664], [-84.56133348648189, 39.3208535500262], [-84.56235148582321, 39.30808654754932], [-84.57961949097188, 39.30804254675547], [-84.57931249126416, 39.31313354773859], [-84.58040949170454, 39.3146335479742], [-84.5819014922153, 39.31550354807191], [-84.58468549304966, 39.31555354795471], [-84.5856304935509, 39.31846054846496], [-84.58865649445431, 39.31846954832892], [-84.59180749553036, 39.32027154852839]]]}}, {"type": "Feature", "properties": {"GEOID": "39017010301", "NAME": "103.01", "dist_to_park_miles": 1.6110366552761506, "TotalPopulation": 4378, "LPA_CrudePrev": 26.7, "OBESITY_CrudePrev": 38.3, "MHLTH_CrudePrev": 17.1, "greenness_relative": -0.026800710729044774}, "geometry": {"type": "Polygon", "coordinates": [[[-84.59153551426446, 39.56753959545468], [-84.4980204863664, 39.568290599888904], [-84.47893148069612, 39.568797600859746], [-84.4781614783899, 39.54163359575002], [-84.47744747353103, 39.48066958422322], [-84.59023050710765, 39.47907257876224], [-84.59153551426446, 39.56753959545468]]]}}, {"type": "Feature", "properties": {"GEOID": "39017011131", "NAME": "111.31", "dist_to_park_miles": 1.3722414013697466, "TotalPopulation": 3545, "LPA_CrudePrev": 17.9, "OBESITY_CrudePrev": 33.9, "MHLTH_CrudePrev": 13.2, "greenness_relative": 0.005503565172238267}, "geometry": {"type": "Polygon", "coordinates": [[[-84.43950344854147, 39.29997055157976], [-84.43542244797344, 39.308638553417154], [-84.43232444740416, 39.3133785544611], [-84.42897444668067, 39.317067555316065], [-84.41875744436268, 39.32683755764118], [-84.41660644366183, 39.326062557590994], [-84.41215744231704, 39.325854557753026], [-84.41056444180573, 39.325383557735464], [-84.41079244162961, 39.32213255710552], [-84.41135444168589, 39.32064655679682], [-84.40717144042746, 39.32053055696424], [-84.40742844025345, 39.31719055631593], [-84.40647443989117, 39.31616155616299], [-84.39954643781172, 39.316033556452425], [-84.39960643758633, 39.31279155583158], [-84.38941443452924, 39.31263255626276], [-84.37987843155088, 39.31091255636647], [-84.38511743282598, 39.30704155539112], [-84.39108743390076, 39.2975865533176], [-84.39138343398425, 39.2975205532916], [-84.40933943937418, 39.29786555254466], [-84.4102584396772, 39.29824555257553], [-84.42836744511774, 39.2986665518357], [-84.43950344854147, 39.29997055157976]]]}}, {"type": "Feature", "properties": {"GEOID": "39017011128", "NAME": "111.28", "dist_to_park_miles": 0.9637606781227391, "TotalPopulation": 2953, "LPA_CrudePrev": 18.2, "OBESITY_CrudePrev": 33.1, "MHLTH_CrudePrev": 12.8, "greenness_relative": -0.0014777075580337806}, "geometry": {"type": "Polygon", "coordinates": [[[-84.45116945585256, 39.350854560745276], [-84.44881145528792, 39.352709561205565], [-84.44772245498994, 39.35307256132414], [-84.44627945455233, 39.352985561373096], [-84.44642845440877, 39.350489560891084], [-84.4446774538811, 39.35042856095897], [-84.44327245353453, 39.35139956120766], [-84.44221145314775, 39.35047256107933], [-84.44131245290042, 39.35075456117383], [-84.43988445223482, 39.34758156063446], [-84.4390764519475, 39.34697156055498], [-84.43721045134325, 39.346349560521226], [-84.43216744980012, 39.345864560657745], [-84.42648944798567, 39.344295560616544], [-84.42259744685708, 39.34475056087981], [-84.41660344506634, 39.34475256115212], [-84.41577344468939, 39.34303856086326], [-84.41479344435909, 39.34254056081286], [-84.4149494440068, 39.33723655979529], [-84.41444044379199, 39.33640255965949], [-84.41144944268657, 39.33358555925837], [-84.41875744436268, 39.32683755764118], [-84.42062644497936, 39.32761355770433], [-84.4321964488433, 39.33303355821232], [-84.43424444958117, 39.334709558438725], [-84.43581245007448, 39.33504055843062], [-84.43612145025983, 39.33627755865225], [-84.43735945070515, 39.337280558787135], [-84.44390645274325, 39.33837555869859], [-84.44347145304735, 39.34414155981653], [-84.44621745402534, 39.34623556009061], [-84.45116945585256, 39.350854560745276]]]}}, {"type": "Feature", "properties": {"GEOID": "39017014300", "NAME": "143", "dist_to_park_miles": 0.071633831842123, "TotalPopulation": 4736, "LPA_CrudePrev": 27.2, "OBESITY_CrudePrev": 39.5, "MHLTH_CrudePrev": 17.3, "greenness_relative": -0.028070336984224453}, "geometry": {"type": "Polygon", "coordinates": [[[-84.47921748248363, 39.591031605055285], [-84.4742504809312, 39.59016260511861], [-84.43544946931436, 39.590063606877884], [-84.43616746944315, 39.58893860663203], [-84.43580146931207, 39.5886566065954], [-84.43581646925985, 39.58791560645443], [-84.43490146882213, 39.585772606090586], [-84.43430646858573, 39.585009605973376], [-84.43422946847045, 39.58380360574856], [-84.4329934680096, 39.582613605579816], [-84.43259746781227, 39.581582605402716], [-84.43282946779391, 39.580434605174695], [-84.43222346754209, 39.57951260502784], [-84.43276546763136, 39.57855860482238], [-84.43051246666765, 39.57477060420812], [-84.42987446644007, 39.574290604146405], [-84.42890446618243, 39.57471760427168], [-84.4269874655749, 39.574273604275305], [-84.42555346514985, 39.57432660435097], [-84.42264746437445, 39.57555960471749], [-84.42054146376967, 39.57589260487694], [-84.41919846332111, 39.575281604822635], [-84.41741346276831, 39.5750376048581], [-84.41577346220134, 39.574040604744305], [-84.41512746195087, 39.57329260463215], [-84.4150744618403, 39.57205260439968], [-84.41450346159415, 39.57106660423901], [-84.41179346067946, 39.5697086041057], [-84.41118646031654, 39.567334603683676], [-84.4105004600746, 39.56685460362412], [-84.40999745985187, 39.565908603467896], [-84.41000045968903, 39.56376360306131], [-84.40782245888003, 39.561703602770564], [-84.40757645856556, 39.55854660218355], [-84.40724145842839, 39.55806260210714], [-84.404237457435, 39.556824602009826], [-84.40346645701956, 39.55440260158602], [-84.40332545686184, 39.55288760130531], [-84.40126545617379, 39.55194860122147], [-84.40079745599078, 39.55138560113613], [-84.39935845529635, 39.5479246005458], [-84.39884245511823, 39.54761360051041], [-84.39559545413887, 39.547512600639585], [-84.39552945400047, 39.545955600347426], [-84.39439245363857, 39.54567160034551], [-84.39409145350558, 39.54510860025252], [-84.39493045369967, 39.54436060007239], [-84.39340045309035, 39.54237259976532], [-84.39204745234973, 39.53796459899126], [-84.39154745216202, 39.537464598919286], [-84.39644745365113, 39.53776459875244], [-84.4006474548317, 39.536764598371], [-84.40664745661172, 39.53656459805907], [-84.41114745769147, 39.533064597189856], [-84.4125474577752, 39.52866459629154], [-84.41174745721608, 39.52446459553154], [-84.41228845713067, 39.5212165948908], [-84.4140294574371, 39.518399594276985], [-84.41613445772369, 39.51389059332556], [-84.41803745807174, 39.51098359268723], [-84.4174404576417, 39.507677592087255], [-84.41974745783645, 39.501164590746185], [-84.42304745854219, 39.49746458989348], [-84.43420746163386, 39.494229588770345], [-84.43912646268265, 39.48867558749186], [-84.44066546320974, 39.489555587588626], [-84.44584446480079, 39.490113587458154], [-84.4469324652413, 39.49162858769596], [-84.45434846781139, 39.49626458823701], [-84.45817446903062, 39.49725358824989], [-84.45996146985976, 39.501127588903145], [-84.4636784709327, 39.50062258863758], [-84.46521747141068, 39.50085658861165], [-84.47553347448991, 39.50079058812775], [-84.4776964751724, 39.50126058811805], [-84.4781614783899, 39.54163359575002], [-84.47908448112852, 39.57385160180961], [-84.47880148136674, 39.57807060262127], [-84.47921748248363, 39.591031605055285]]]}}, {"type": "Feature", "properties": {"GEOID": "39017014100", "NAME": "141", "dist_to_park_miles": 0.9125620688748683, "TotalPopulation": 2333, "LPA_CrudePrev": 37.0, "OBESITY_CrudePrev": 45.3, "MHLTH_CrudePrev": 21.5, "greenness_relative": 0.037342013419976894}, "geometry": {"type": "Polygon", "coordinates": [[[-84.41175745490352, 39.49401858975453], [-84.41142445494297, 39.49584859011705], [-84.41039045477085, 39.49765359050679], [-84.41005045476679, 39.498938590766166], [-84.41111345529795, 39.50174359125], [-84.40698345404928, 39.50156859140519], [-84.4069544539265, 39.50006759112168], [-84.40220345249477, 39.49992859131196], [-84.40068445191798, 39.49831759107546], [-84.39650945122862, 39.505681592663485], [-84.39425645054531, 39.5055595927431], [-84.39395345031015, 39.503657592395946], [-84.39239644977268, 39.50271459228797], [-84.38093044629161, 39.50204759268413], [-84.38125344608075, 39.4979985919008], [-84.3823154464038, 39.49806859186569], [-84.382504445967, 39.491570590623446], [-84.38141244546838, 39.48930559024315], [-84.37820644431623, 39.48676158990616], [-84.37190744240678, 39.4864325901306], [-84.37179644264047, 39.489950590803694], [-84.36928944190025, 39.49008059094262], [-84.36725744129267, 39.4900855910361], [-84.36456844043295, 39.489358591020526], [-84.35641043796738, 39.48903459133048], [-84.35471943749592, 39.4894895914939], [-84.35348443721865, 39.49070659178127], [-84.35065743626473, 39.48928259163952], [-84.34936343579592, 39.488206591494055], [-84.34799443544448, 39.48897459170227], [-84.33736343223408, 39.48859159211338], [-84.33869543147868, 39.4733595891589], [-84.33946043171188, 39.473416589134935], [-84.3395444316953, 39.47286558902642], [-84.34324743282198, 39.47311158890472], [-84.34798243358856, 39.46452458705756], [-84.35166243468085, 39.464409586868335], [-84.35267343493646, 39.463790586704704], [-84.35153643454898, 39.46316558663764], [-84.3503364341851, 39.46310158668006], [-84.34982443399922, 39.462669586621246], [-84.3503624340876, 39.46171058641451], [-84.35076343421173, 39.46176558640673], [-84.35033943403614, 39.46112158630362], [-84.35907543668952, 39.46164758600623], [-84.3589054367875, 39.463613586387574], [-84.37934844296483, 39.46443158561272], [-84.37963844296407, 39.463276585380065], [-84.38089344338552, 39.46388458543846], [-84.3808474434224, 39.46455258556747], [-84.39346544723122, 39.46501158508019], [-84.39363344793905, 39.47368458671993], [-84.39120844723662, 39.47398658688777], [-84.38616644568062, 39.47335558699755], [-84.3830494446301, 39.47179758684354], [-84.38056944386834, 39.471534586906536], [-84.37896044346346, 39.47254258717126], [-84.37684344288186, 39.473224587397205], [-84.37058844109048, 39.474277587882014], [-84.37011844107032, 39.47586658820526], [-84.37116844139686, 39.476030588188614], [-84.3730054418842, 39.47520958794903], [-84.37469644237088, 39.474956587823975], [-84.38683744604997, 39.47557958738942], [-84.3864364464144, 39.48196558862047], [-84.38804044692091, 39.48231758861424], [-84.3888114472102, 39.4830905887259], [-84.39397144876888, 39.48329058852876], [-84.39416544935018, 39.490184589828864], [-84.40314745205616, 39.49043758946743], [-84.40443845240785, 39.48998358932237], [-84.40599945276647, 39.48855758898049], [-84.40388145242815, 39.49244458981494], [-84.41175145481701, 39.492903589543175], [-84.41154245482493, 39.493830589728645], [-84.41175745490352, 39.49401858975453]]]}}, {"type": "Feature", "properties": {"GEOID": "39017013500", "NAME": "135", "dist_to_park_miles": 0.7251540631787681, "TotalPopulation": 2980, "LPA_CrudePrev": 35.9, "OBESITY_CrudePrev": 44.6, "MHLTH_CrudePrev": 21.1, "greenness_relative": 0.02465581252115001}, "geometry": {"type": "Polygon", "coordinates": [[[-84.38259444606466, 39.4925025907963], [-84.3823154464038, 39.49806859186569], [-84.37260644344177, 39.49731559216521], [-84.37277444333863, 39.49529459177385], [-84.36676844152043, 39.495015591994495], [-84.36428644085245, 39.495999592294424], [-84.3626054402924, 39.49524759222821], [-84.35911243923157, 39.495041592348194], [-84.35976643922271, 39.49234559180644], [-84.36165843967817, 39.49088659144323], [-84.36185143961248, 39.48925959112545], [-84.36505244058155, 39.489408591008], [-84.36746944135805, 39.49011159103139], [-84.37179644264047, 39.489950590803694], [-84.37190744240678, 39.4864325901306], [-84.3784544443996, 39.486882589917805], [-84.38141244546838, 39.48930559024315], [-84.38238444588966, 39.49102459052524], [-84.38259444606466, 39.4925025907963]]]}}, {"type": "Feature", "properties": {"GEOID": "39017013900", "NAME": "139", "dist_to_park_miles": 0.6615418726110776, "TotalPopulation": 2805, "LPA_CrudePrev": 33.0, "OBESITY_CrudePrev": 42.0, "MHLTH_CrudePrev": 21.1, "greenness_relative": 0.049619566157281025}, "geometry": {"type": "Polygon", "coordinates": [[[-84.41593045508122, 39.47992458688877], [-84.4155804552308, 39.483273587540545], [-84.41284645477079, 39.48798358855934], [-84.41178745489951, 39.493847589720694], [-84.41154245482493, 39.493830589728645], [-84.41175145481701, 39.492903589543175], [-84.40388145242815, 39.49244458981494], [-84.40599945276647, 39.48855758898049], [-84.40443845240785, 39.48998358932237], [-84.40314745205616, 39.49043758946743], [-84.39416544935018, 39.490184589828864], [-84.39397144876888, 39.48329058852876], [-84.3888114472102, 39.4830905887259], [-84.38804044692091, 39.48231758861424], [-84.3864364464144, 39.48196558862047], [-84.38683744604997, 39.47557958738942], [-84.37469644237088, 39.474956587823975], [-84.3730054418842, 39.47520958794903], [-84.37116844139686, 39.476030588188614], [-84.37011844107032, 39.47586658820526], [-84.37058844109048, 39.474277587882014], [-84.37684344288186, 39.473224587397205], [-84.37896044346346, 39.47254258717126], [-84.38025844377896, 39.4715825869298], [-84.38189944426772, 39.47155458684977], [-84.3830494446301, 39.47179758684354], [-84.38616644568062, 39.47335558699755], [-84.39120844723662, 39.47398658688777], [-84.39740144905475, 39.47353558651999], [-84.40026845001412, 39.474878586644415], [-84.40091445029054, 39.47597558682332], [-84.40274645086846, 39.476370586814845], [-84.40454645127738, 39.47466458640886], [-84.40634645192952, 39.47616458661168], [-84.40794645243082, 39.476464586595746], [-84.40934645297094, 39.478064586835735], [-84.41372445439839, 39.47962058693162], [-84.41593045508122, 39.47992458688877]]]}}, {"type": "Feature", "properties": {"GEOID": "39017014000", "NAME": "140", "dist_to_park_miles": 0.3937966394644671, "TotalPopulation": 2687, "LPA_CrudePrev": 48.2, "OBESITY_CrudePrev": 52.4, "MHLTH_CrudePrev": 25.5, "greenness_relative": -0.006802358127739411}, "geometry": {"type": "Polygon", "coordinates": [[[-84.4421124630441, 39.481682586028384], [-84.441542462965, 39.48288458628254], [-84.43995846263444, 39.48476758671222], [-84.43906246252837, 39.48689758715734], [-84.43912646268265, 39.48867558749186], [-84.43420746163386, 39.494229588770345], [-84.42304745854219, 39.49746458989348], [-84.41974745783645, 39.501164590746185], [-84.41914745763421, 39.50086459071663], [-84.41765445720073, 39.50103659081739], [-84.41060245506239, 39.50065559106683], [-84.41007245475522, 39.498699590719795], [-84.41142445494297, 39.49584859011705], [-84.41284645477079, 39.48798358855934], [-84.4155804552308, 39.483273587540545], [-84.41594845507794, 39.47981058686629], [-84.42011245617176, 39.477815586297694], [-84.42162145654096, 39.47673458602364], [-84.4217244565232, 39.47609458589743], [-84.42127045634173, 39.47549258580381], [-84.42141745631169, 39.474517585612006], [-84.42220545644561, 39.47317758532166], [-84.4215194561202, 39.47159258505193], [-84.42567945738632, 39.471884584917746], [-84.42498145747096, 39.475749585683424], [-84.42516645763162, 39.47713658593831], [-84.42575545783825, 39.47753858598781], [-84.42781245847583, 39.4778345859502], [-84.43080445929348, 39.47681958562107], [-84.43347646005385, 39.47631158540276], [-84.43585446075073, 39.47612458525881], [-84.43722346117806, 39.47636158524135], [-84.43868946166904, 39.47705458530606], [-84.44123446259522, 39.47922958560281], [-84.4421124630441, 39.481682586028384]]]}}, {"type": "Feature", "properties": {"GEOID": "39017011111", "NAME": "111.11", "dist_to_park_miles": 0.5993551657842806, "TotalPopulation": 6690, "LPA_CrudePrev": 24.5, "OBESITY_CrudePrev": 36.3, "MHLTH_CrudePrev": 15.2, "greenness_relative": 0.031018710198492006}, "geometry": {"type": "Polygon", "coordinates": [[[-84.37987843155088, 39.31091255636647], [-84.36693242834065, 39.31969055862633], [-84.36785742865774, 39.320232558687806], [-84.36802442874958, 39.320791558786844], [-84.36476743018277, 39.352837565042535], [-84.34792042507044, 39.35182656561309], [-84.35197642291261, 39.30690855686506], [-84.36904942816643, 39.3089315564787], [-84.37987843155088, 39.31091255636647]]]}}, {"type": "Feature", "properties": {"GEOID": "39017011300", "NAME": "113", "dist_to_park_miles": 0.6757715738063704, "TotalPopulation": 7038, "LPA_CrudePrev": 28.7, "OBESITY_CrudePrev": 40.3, "MHLTH_CrudePrev": 18.3, "greenness_relative": 0.00029278588238568215}, "geometry": {"type": "Polygon", "coordinates": [[[-84.46434846604757, 39.433664575895826], [-84.457437464129, 39.435603576579155], [-84.4528724628951, 39.43732557711433], [-84.45173846263194, 39.43832557735598], [-84.44835546196687, 39.442892578377794], [-84.44643146148825, 39.44416557870729], [-84.44279646045993, 39.44493457901903], [-84.44038045972246, 39.44473357909094], [-84.43697445863684, 39.443843579077004], [-84.43604345837237, 39.44402657915419], [-84.43536645820927, 39.44454457928344], [-84.43392245797249, 39.447116579837854], [-84.43264045797844, 39.45225158087178], [-84.43033645769395, 39.457584581989785], [-84.42960445784536, 39.46246658295036], [-84.42697945731975, 39.465884583719124], [-84.42623245721333, 39.467425584045806], [-84.42565845722349, 39.46982158452697], [-84.42567945738632, 39.471884584917746], [-84.4215194561202, 39.47159258505193], [-84.42220545644561, 39.47317758532166], [-84.42163245633037, 39.473916585488084], [-84.42127045634173, 39.47549258580381], [-84.4217244565232, 39.47609458589743], [-84.42169745655261, 39.47658858599247], [-84.42011245617176, 39.477815586297694], [-84.41606745511413, 39.479818586862386], [-84.41403245449567, 39.47968858693049], [-84.40934645297094, 39.478064586835735], [-84.40794645243082, 39.476464586595746], [-84.40634645192952, 39.47616458661168], [-84.40454645127738, 39.47466458640886], [-84.40274645086846, 39.476370586814845], [-84.40091445029054, 39.47597558682332], [-84.40026845001412, 39.474878586644415], [-84.39740144905475, 39.47353558651999], [-84.39363344793905, 39.47368458671993], [-84.39328544676454, 39.459563584053356], [-84.3935414466533, 39.45708458357071], [-84.39495744674666, 39.45272658267817], [-84.39554144689343, 39.45235858258166], [-84.39796244709262, 39.44542758115432], [-84.39791944702178, 39.444661581010706], [-84.40311344751998, 39.430721578124626], [-84.46434846604757, 39.433664575895826]]]}}, {"type": "Feature", "properties": {"GEOID": "39017010901", "NAME": "109.01", "dist_to_park_miles": 0.9547810827040898, "TotalPopulation": 4882, "LPA_CrudePrev": 31.7, "OBESITY_CrudePrev": 41.6, "MHLTH_CrudePrev": 17.8, "greenness_relative": -0.00631044246414203}, "geometry": {"type": "Polygon", "coordinates": [[[-84.59685049828033, 39.33676355143642], [-84.59677049846498, 39.339522551964855], [-84.59259149732127, 39.34088755241493], [-84.59222349741107, 39.343528552934], [-84.59185049734778, 39.34416355307176], [-84.59345049818053, 39.348863553892684], [-84.59237649799542, 39.35065355428202], [-84.58066949445751, 39.35006455470359], [-84.580554494548, 39.35171555502284], [-84.57602849317958, 39.351480555184395], [-84.57564549337913, 39.35563155599125], [-84.57891549436869, 39.35581255587664], [-84.57646649389805, 39.359253556642585], [-84.57536949352387, 39.3586345565749], [-84.57556249342565, 39.35657455617437], [-84.57365149291098, 39.35731055640142], [-84.57359249293748, 39.357893556514966], [-84.5730924927859, 39.35786255653186], [-84.57305649280957, 39.35831755662004], [-84.56929449164336, 39.35774355668234], [-84.56903949175556, 39.36023355716743], [-84.5674394912716, 39.360148557224186], [-84.56721349147332, 39.36370755791125], [-84.56388849046796, 39.36353655803026], [-84.56426449069801, 39.36509455830936], [-84.56356549049043, 39.36510855834389], [-84.56318249025531, 39.3635115580577], [-84.56251349005375, 39.36348655808341], [-84.56199948974898, 39.36148555772635], [-84.56210348965898, 39.35988455741713], [-84.56449949025533, 39.358313557009225], [-84.56655049081411, 39.35760755678149], [-84.56664349065309, 39.35511055630241], [-84.5638564898098, 39.354958556400454], [-84.56385948963896, 39.35268655596822], [-84.56291748935773, 39.352685556010925], [-84.5627844894355, 39.35423955631253], [-84.56102248890234, 39.35414355637455], [-84.56096848893526, 39.35479255650045], [-84.55985148859719, 39.35473055653954], [-84.5599134885674, 39.35409155641518], [-84.55950848844525, 39.354074556430405], [-84.55953648842655, 39.35371655636105], [-84.55873348818348, 39.35367155638905], [-84.56012848739647, 39.33774055329483], [-84.57716949249209, 39.33787655254474], [-84.59685049828033, 39.33676355143642]]]}}, {"type": "Feature", "properties": {"GEOID": "39017012300", "NAME": "123", "dist_to_park_miles": 0.9912374002989126, "TotalPopulation": 2121, "LPA_CrudePrev": 39.8, "OBESITY_CrudePrev": 46.9, "MHLTH_CrudePrev": 22.7, "greenness_relative": 0.010142022930821448}, "geometry": {"type": "Polygon", "coordinates": [[[-84.37593544688028, 39.52945259811223], [-84.3697874453555, 39.53359459917844], [-84.36720244475023, 39.53580759971616], [-84.36470644411513, 39.53727860010905], [-84.35830144244481, 39.5405216010164], [-84.34871943983308, 39.543892602092924], [-84.35206444064148, 39.541357601459495], [-84.35219644059205, 39.54018860123172], [-84.35377344098168, 39.53910560095438], [-84.35341144076897, 39.537733600710624], [-84.35127844011399, 39.53751660076673], [-84.34934343945451, 39.53646160065484], [-84.34964043948989, 39.53575760050775], [-84.34973043928204, 39.53267059991797], [-84.35875644202451, 39.53320759960824], [-84.36060244262693, 39.533863599648484], [-84.36123044276015, 39.53314359948324], [-84.3604204424278, 39.53196159929594], [-84.36100644232405, 39.52829159857294], [-84.3638494432071, 39.52871459852355], [-84.37593544688028, 39.52945259811223]]]}}, {"type": "Feature", "properties": {"GEOID": "39017011135", "NAME": "111.35", "dist_to_park_miles": 0.3254117371670636, "TotalPopulation": 7199, "LPA_CrudePrev": 20.4, "OBESITY_CrudePrev": 35.6, "MHLTH_CrudePrev": 15.4, "greenness_relative": 0.034898826441982056}, "geometry": {"type": "Polygon", "coordinates": [[[-84.47565346810443, 39.41622057206596], [-84.47454846879259, 39.429664574671], [-84.47274646830657, 39.4303565748846], [-84.47115546793435, 39.431718575215875], [-84.46434846604757, 39.433664575895826], [-84.40280544742659, 39.430704578135405], [-84.41184344818863, 39.40503957284388], [-84.41234944808778, 39.401701572185914], [-84.45190046005644, 39.40366057075975], [-84.45122146070239, 39.41488357292447], [-84.45030046108087, 39.423521574608316], [-84.45029446140676, 39.427849575431125], [-84.46052846413487, 39.42348557413566], [-84.46903746632239, 39.41879457285654], [-84.47565346810443, 39.41622057206596]]]}}, {"type": "Feature", "properties": {"GEOID": "39017011134", "NAME": "111.34", "dist_to_park_miles": 0.6920096745611684, "TotalPopulation": 8101, "LPA_CrudePrev": 22.4, "OBESITY_CrudePrev": 37.4, "MHLTH_CrudePrev": 15.9, "greenness_relative": 0.0031329289619496103}, "geometry": {"type": "Polygon", "coordinates": [[[-84.4776234666599, 39.38934656686712], [-84.47565746810113, 39.41616157205457], [-84.46903746632239, 39.41879457285654], [-84.46052846413487, 39.42348557413566], [-84.45029446140676, 39.427849575431125], [-84.45030046108087, 39.423521574608316], [-84.45122146070239, 39.41488357292447], [-84.45190046005644, 39.40366057075975], [-84.41234944808778, 39.401701572185914], [-84.41218644786925, 39.39945257176551], [-84.41158544752447, 39.397265571376764], [-84.40724944548896, 39.38746656970923], [-84.40935844605815, 39.3866555694591], [-84.4125164470126, 39.38679556934228], [-84.41565044792326, 39.38645056913424], [-84.4776234666599, 39.38934656686712]]]}}, {"type": "Feature", "properties": {"GEOID": "39017011133", "NAME": "111.33", "dist_to_park_miles": 0.4692249900540502, "TotalPopulation": 4450, "LPA_CrudePrev": 19.8, "OBESITY_CrudePrev": 37.1, "MHLTH_CrudePrev": 15.6, "greenness_relative": -0.06569810301772827}, "geometry": {"type": "Polygon", "coordinates": [[[-84.41234944808778, 39.401701572185914], [-84.41184344818863, 39.40503957284388], [-84.40280544742659, 39.430704578135405], [-84.37534543911407, 39.42936557912952], [-84.36593543629162, 39.42925657953647], [-84.36743343557784, 39.41387357654236], [-84.3842344406728, 39.41481457595807], [-84.38584244086242, 39.41095857515151], [-84.38524144040436, 39.4072715744774], [-84.38540343992094, 39.40022457312924], [-84.41234944808778, 39.401701572185914]]]}}, {"type": "Feature", "properties": {"GEOID": "39017011132", "NAME": "111.32", "dist_to_park_miles": 0.9718786310081844, "TotalPopulation": 4400, "LPA_CrudePrev": 21.4, "OBESITY_CrudePrev": 36.3, "MHLTH_CrudePrev": 15.8, "greenness_relative": 0.009411297777563554}, "geometry": {"type": "Polygon", "coordinates": [[[-84.3858494408565, 39.41085257513104], [-84.3842344406728, 39.41481457595807], [-84.36743343557784, 39.41387357654236], [-84.36593543629162, 39.42925657953647], [-84.33984442835231, 39.42746558038103], [-84.34140942768583, 39.412430577449335], [-84.35205743091568, 39.4130285770798], [-84.36055943238706, 39.39882657399117], [-84.38540343992094, 39.40022457312924], [-84.38524144040436, 39.4072715744774], [-84.3858494408565, 39.41085257513104]]]}}, {"type": "Feature", "properties": {"GEOID": "39017011136", "NAME": "111.36", "dist_to_park_miles": 0.9078104042207505, "TotalPopulation": 5042, "LPA_CrudePrev": 19.8, "OBESITY_CrudePrev": 35.4, "MHLTH_CrudePrev": 14.5, "greenness_relative": 0.02576750990925003}, "geometry": {"type": "Polygon", "coordinates": [[[-84.45503745873157, 39.373711564920185], [-84.45460145919684, 39.381601566441226], [-84.4402094548457, 39.380926566967084], [-84.4396104551683, 39.38757156825861], [-84.41565044792326, 39.38645056913424], [-84.4125164470126, 39.38679556934228], [-84.40935844605815, 39.3866555694591], [-84.40724944548896, 39.38746656970923], [-84.39997644207135, 39.370967566898905], [-84.41966344804835, 39.372206566241005], [-84.45503745873157, 39.373711564920185]]]}}, {"type": "Feature", "properties": {"GEOID": "39017011005", "NAME": "110.05", "dist_to_park_miles": 0.39820409569833165, "TotalPopulation": 7208, "LPA_CrudePrev": 24.2, "OBESITY_CrudePrev": 37.2, "MHLTH_CrudePrev": 15.6, "greenness_relative": -0.02594590598035762}, "geometry": {"type": "Polygon", "coordinates": [[[-84.55647749194841, 39.41229056763359], [-84.550591490537, 39.4168535687689], [-84.55005849048422, 39.418255569059504], [-84.54479248947871, 39.42572857071908], [-84.5421454886714, 39.425507570797954], [-84.53909948767016, 39.424301570707996], [-84.5367094869489, 39.42420357079846], [-84.53436848630557, 39.42493957104511], [-84.5331504860043, 39.42576357125718], [-84.52715548482392, 39.43380457305779], [-84.52579648452203, 39.43517557338015], [-84.52477748426428, 39.435789573543275], [-84.52070348312839, 39.43685857393222], [-84.51673048194866, 39.43695257413141], [-84.51266948070456, 39.43654557423946], [-84.50775947900965, 39.43354057389281], [-84.5040914778271, 39.432397573843076], [-84.50366147766054, 39.431895573767356], [-84.50328547731642, 39.428839573204044], [-84.50369247718673, 39.42552557255596], [-84.49978447577973, 39.42236657213402], [-84.49990747573311, 39.42126657191945], [-84.49900847543617, 39.420892571889354], [-84.50027047493995, 39.40936656964169], [-84.50171047534346, 39.40901456950917], [-84.50241147516934, 39.4039495685146], [-84.50501447529905, 39.395391566769256], [-84.50568947515262, 39.39079156586399], [-84.53705048465547, 39.392604564779525], [-84.54022048555257, 39.39195156451088], [-84.54314448651192, 39.39309056459403], [-84.54099048626641, 39.39834056568997], [-84.54062948642108, 39.40180456636465], [-84.52973348333423, 39.40400856728037], [-84.53001548348905, 39.40494056744459], [-84.52944948332775, 39.405042567489765], [-84.52986648366794, 39.40788856801153], [-84.5304444838446, 39.40794156799524], [-84.53322948454127, 39.406159567529635], [-84.53351448464466, 39.40640056756243], [-84.53362848483701, 39.40848956795412], [-84.5348764852822, 39.409445568078844], [-84.53567248563247, 39.410930568324645], [-84.53670048593571, 39.410880568268254], [-84.54098748704725, 39.40865556764999], [-84.54525248832634, 39.40872756746905], [-84.55102249018401, 39.410503567543124], [-84.55125049022632, 39.41016356746812], [-84.5557504916762, 39.411563567528674], [-84.55647749194841, 39.41229056763359]]]}}]}